ivm-duckdb: LetRec [22, 23, 25, 27, 28, 29, 31, 32, 33, 34, 35, 36, 37, 40, 41, 51]: SQL full recompute from empty; OpenIVM has no recursive IVM
ivm-duckdb: LetRec [24]: SQL full recompute from empty; OpenIVM has no recursive IVM
BOUNDARY node=176 operator=Get reason=LetRec round body
BOUNDARY node=7 operator=Get reason=LetRec round body
BOUNDARY node=328 operator=Union reason=weighted input from an explicit IR recompute boundary
VIEW {"openivm_detail":"refresh_type=SIMPLE_PROJECTION; group_cols=0; model_nodes=3; group_recompute_mode=source_delta; scan_occurrences=1; model_domains=0; node_domains=0; lineage_entries=0; node_lineage=0; node_semantics=2; node_unsupported=0; delta_only_nodes=2; delta_state_nodes=0; affected_recompute_nodes=0; full_recompute_nodes=1","openivm_warning":"","operator":"Get","sql":"SELECT * FROM r38","type":"SIMPLE_PROJECTION","type_code":2,"view":"n329"}
VIEW {"openivm_detail":"refresh_type=SIMPLE_PROJECTION; group_cols=0; model_nodes=3; group_recompute_mode=source_delta; scan_occurrences=1; model_domains=0; node_domains=0; lineage_entries=0; node_lineage=0; node_semantics=2; node_unsupported=0; delta_only_nodes=2; delta_state_nodes=0; affected_recompute_nodes=0; full_recompute_nodes=1","openivm_warning":"","operator":"Get","sql":"SELECT * FROM r42","type":"SIMPLE_PROJECTION","type_code":2,"view":"n330"}
VIEW {"openivm_detail":"refresh_type=SIMPLE_PROJECTION; group_cols=0; model_nodes=3; group_recompute_mode=source_delta; scan_occurrences=1; model_domains=0; node_domains=0; lineage_entries=0; node_lineage=0; node_semantics=2; node_unsupported=0; delta_only_nodes=2; delta_state_nodes=0; affected_recompute_nodes=0; full_recompute_nodes=1","openivm_warning":"","operator":"Get","sql":"SELECT * FROM r46","type":"SIMPLE_PROJECTION","type_code":2,"view":"n331"}
VIEW {"openivm_detail":"refresh_type=SIMPLE_PROJECTION; group_cols=0; model_nodes=3; group_recompute_mode=source_delta; scan_occurrences=1; model_domains=0; node_domains=0; lineage_entries=0; node_lineage=0; node_semantics=2; node_unsupported=0; delta_only_nodes=2; delta_state_nodes=0; affected_recompute_nodes=0; full_recompute_nodes=1","openivm_warning":"","operator":"Get","sql":"SELECT * FROM r48","type":"SIMPLE_PROJECTION","type_code":2,"view":"n332"}
VIEW {"openivm_detail":"refresh_type=SIMPLE_PROJECTION; group_cols=0; model_nodes=3; group_recompute_mode=source_delta; scan_occurrences=1; model_domains=0; node_domains=0; lineage_entries=0; node_lineage=0; node_semantics=2; node_unsupported=0; delta_only_nodes=2; delta_state_nodes=0; affected_recompute_nodes=0; full_recompute_nodes=1","openivm_warning":"","operator":"Get","sql":"SELECT * FROM r52","type":"SIMPLE_PROJECTION","type_code":2,"view":"n333"}
BOUNDARY node=0 operator=Get reason=LetRec round body
BOUNDARY node=108 operator=Mfp reason=LetRec round body
BOUNDARY node=111 operator=Get reason=LetRec round body
BOUNDARY node=112 operator=Mfp reason=LetRec round body
BOUNDARY node=95 operator=Get reason=LetRec round body
BOUNDARY node=96 operator=Mfp reason=LetRec round body
BOUNDARY node=117 operator=Mfp reason=LetRec round body
BOUNDARY node=334 operator=Union reason=LetRec round body
BOUNDARY node=1 operator=Get reason=LetRec round body
BOUNDARY node=109 operator=Mfp reason=LetRec round body
BOUNDARY node=118 operator=Mfp reason=LetRec round body
BOUNDARY node=113 operator=Get reason=LetRec round body
BOUNDARY node=114 operator=Mfp reason=LetRec round body
BOUNDARY node=119 operator=Mfp reason=LetRec round body
BOUNDARY node=120 operator=Mfp reason=LetRec round body
BOUNDARY node=335 operator=Union reason=LetRec round body
BOUNDARY node=128 operator=Get reason=LetRec round body
BOUNDARY node=4 operator=Get reason=LetRec round body
BOUNDARY node=129 operator=Join reason=LetRec round body
BOUNDARY node=130 operator=Mfp reason=LetRec round body
BOUNDARY node=131 operator=Get reason=LetRec round body
BOUNDARY node=132 operator=Join reason=LetRec round body
BOUNDARY node=133 operator=Mfp reason=LetRec round body
BOUNDARY node=15 operator=Get reason=LetRec round body
BOUNDARY node=134 operator=Mfp reason=LetRec round body
BOUNDARY node=135 operator=Join reason=LetRec round body
BOUNDARY node=136 operator=Mfp reason=LetRec round body
BOUNDARY node=137 operator=Join reason=LetRec round body
BOUNDARY node=138 operator=Mfp reason=LetRec round body
BOUNDARY node=139 operator=Join reason=LetRec round body
BOUNDARY node=140 operator=Mfp reason=LetRec round body
BOUNDARY node=58 operator=Get reason=LetRec round body
BOUNDARY node=141 operator=Join reason=LetRec round body
BOUNDARY node=142 operator=Mfp reason=LetRec round body
BOUNDARY node=143 operator=Join reason=LetRec round body
BOUNDARY node=144 operator=Mfp reason=LetRec round body
BOUNDARY node=145 operator=Join reason=LetRec round body
BOUNDARY node=146 operator=Mfp reason=LetRec round body
BOUNDARY node=147 operator=Mfp reason=LetRec round body
BOUNDARY node=148 operator=Mfp reason=LetRec round body
BOUNDARY node=149 operator=Get reason=LetRec round body
BOUNDARY node=150 operator=Mfp reason=LetRec round body
BOUNDARY node=336 operator=Union reason=LetRec round body
BOUNDARY node=166 operator=Get reason=LetRec round body
BOUNDARY node=167 operator=Mfp reason=LetRec round body
BOUNDARY node=168 operator=Mfp reason=LetRec round body
BOUNDARY node=169 operator=Mint reason=LetRec round body
BOUNDARY node=170 operator=Mint reason=LetRec round body
BOUNDARY node=171 operator=Mint reason=LetRec round body
BOUNDARY node=172 operator=Mfp reason=LetRec round body
BOUNDARY node=173 operator=Mint reason=LetRec round body
BOUNDARY node=174 operator=Mint reason=LetRec round body
BOUNDARY node=175 operator=Mfp reason=LetRec round body
BOUNDARY node=177 operator=Join reason=LetRec round body
BOUNDARY node=178 operator=Get reason=LetRec round body
BOUNDARY node=179 operator=Join reason=LetRec round body
BOUNDARY node=180 operator=Join reason=LetRec round body
BOUNDARY node=181 operator=Join reason=LetRec round body
BOUNDARY node=182 operator=Mfp reason=LetRec round body
BOUNDARY node=183 operator=Mint reason=LetRec round body
BOUNDARY node=184 operator=Mint reason=LetRec round body
BOUNDARY node=185 operator=Mint reason=LetRec round body
BOUNDARY node=186 operator=Mint reason=LetRec round body
BOUNDARY node=187 operator=Mint reason=LetRec round body
BOUNDARY node=189 operator=Mfp reason=LetRec round body
BOUNDARY node=190 operator=Mfp reason=LetRec round body
BOUNDARY node=191 operator=Mint reason=LetRec round body
BOUNDARY node=192 operator=Mint reason=LetRec round body
BOUNDARY node=193 operator=Mint reason=LetRec round body
BOUNDARY node=194 operator=Mfp reason=LetRec round body
BOUNDARY node=195 operator=Mint reason=LetRec round body
BOUNDARY node=196 operator=Mint reason=LetRec round body
BOUNDARY node=197 operator=Mfp reason=LetRec round body
BOUNDARY node=198 operator=Join reason=LetRec round body
BOUNDARY node=199 operator=Join reason=LetRec round body
BOUNDARY node=200 operator=Join reason=LetRec round body
BOUNDARY node=201 operator=Join reason=LetRec round body
BOUNDARY node=202 operator=Mfp reason=LetRec round body
BOUNDARY node=203 operator=Mint reason=LetRec round body
BOUNDARY node=204 operator=Mint reason=LetRec round body
BOUNDARY node=205 operator=Mint reason=LetRec round body
BOUNDARY node=206 operator=Mint reason=LetRec round body
BOUNDARY node=207 operator=Mint reason=LetRec round body
BOUNDARY node=209 operator=Mfp reason=LetRec round body
BOUNDARY node=210 operator=Join reason=LetRec round body
BOUNDARY node=211 operator=Mfp reason=LetRec round body
BOUNDARY node=217 operator=Mfp reason=LetRec round body
BOUNDARY node=33 operator=Get reason=LetRec round body
BOUNDARY node=218 operator=Mfp reason=LetRec round body
BOUNDARY node=219 operator=Mfp reason=LetRec round body
BOUNDARY node=220 operator=Mfp reason=LetRec round body
BOUNDARY node=221 operator=Mfp reason=LetRec round body
BOUNDARY node=222 operator=Mfp reason=LetRec round body
BOUNDARY node=75 operator=Get reason=LetRec round body
BOUNDARY node=223 operator=Join reason=LetRec round body
BOUNDARY node=224 operator=Mfp reason=LetRec round body
BOUNDARY node=337 operator=Union reason=LetRec round body
BOUNDARY node=225 operator=Get reason=LetRec round body
BOUNDARY node=226 operator=Mfp reason=LetRec round body
BOUNDARY node=227 operator=Mint reason=LetRec round body
BOUNDARY node=228 operator=Mint reason=LetRec round body
BOUNDARY node=229 operator=Mint reason=LetRec round body
BOUNDARY node=230 operator=Mfp reason=LetRec round body
BOUNDARY node=231 operator=Mint reason=LetRec round body
BOUNDARY node=232 operator=Mint reason=LetRec round body
BOUNDARY node=233 operator=Mfp reason=LetRec round body
BOUNDARY node=234 operator=Join reason=LetRec round body
BOUNDARY node=235 operator=Join reason=LetRec round body
BOUNDARY node=236 operator=Join reason=LetRec round body
BOUNDARY node=237 operator=Join reason=LetRec round body
BOUNDARY node=238 operator=Mfp reason=LetRec round body
BOUNDARY node=239 operator=Mint reason=LetRec round body
BOUNDARY node=240 operator=Mint reason=LetRec round body
BOUNDARY node=241 operator=Mint reason=LetRec round body
BOUNDARY node=242 operator=Mint reason=LetRec round body
BOUNDARY node=243 operator=Mint reason=LetRec round body
BOUNDARY node=245 operator=Mfp reason=LetRec round body
BOUNDARY node=16 operator=Mfp reason=LetRec round body
BOUNDARY node=17 operator=Get reason=LetRec round body
BOUNDARY node=18 operator=Join reason=LetRec round body
BOUNDARY node=19 operator=Mfp reason=LetRec round body
BOUNDARY node=20 operator=Mfp reason=LetRec round body
BOUNDARY node=246 operator=Mfp reason=LetRec round body
BOUNDARY node=34 operator=Join reason=LetRec round body
BOUNDARY node=35 operator=Mfp reason=LetRec round body
BOUNDARY node=247 operator=Mfp reason=LetRec round body
BOUNDARY node=59 operator=Join reason=LetRec round body
BOUNDARY node=61 operator=Mfp reason=LetRec round body
BOUNDARY node=62 operator=Mfp reason=LetRec round body
BOUNDARY node=248 operator=Mfp reason=LetRec round body
BOUNDARY node=73 operator=Mfp reason=LetRec round body
BOUNDARY node=74 operator=Mfp reason=LetRec round body
BOUNDARY node=249 operator=Mfp reason=LetRec round body
BOUNDARY node=338 operator=Union reason=LetRec round body
BOUNDARY node=250 operator=Mfp reason=LetRec round body
BOUNDARY node=251 operator=Join reason=LetRec round body
BOUNDARY node=252 operator=Join reason=LetRec round body
BOUNDARY node=253 operator=Join reason=LetRec round body
BOUNDARY node=254 operator=Mfp reason=LetRec round body
BOUNDARY node=255 operator=Mfp reason=LetRec round body
BOUNDARY node=256 operator=Mfp reason=LetRec round body
BOUNDARY node=257 operator=Join reason=LetRec round body
BOUNDARY node=258 operator=Join reason=LetRec round body
BOUNDARY node=259 operator=Mfp reason=LetRec round body
BOUNDARY node=339 operator=Union reason=LetRec round body
BOUNDARY node=213 operator=Mfp reason=LetRec round body
BOUNDARY node=214 operator=Join reason=LetRec round body
BOUNDARY node=215 operator=Mfp reason=LetRec round body
BOUNDARY node=260 operator=Join reason=LetRec round body
BOUNDARY node=261 operator=Join reason=LetRec round body
BOUNDARY node=262 operator=Mfp reason=LetRec round body
BOUNDARY node=263 operator=Join reason=LetRec round body
BOUNDARY node=264 operator=Mfp reason=LetRec round body
BOUNDARY node=265 operator=Join reason=LetRec round body
BOUNDARY node=266 operator=Mfp reason=LetRec round body
BOUNDARY node=93 operator=Get reason=LetRec round body
BOUNDARY node=267 operator=Join reason=LetRec round body
BOUNDARY node=268 operator=Join reason=LetRec round body
BOUNDARY node=269 operator=Join reason=LetRec round body
BOUNDARY node=270 operator=Mfp reason=LetRec round body
BOUNDARY node=271 operator=Join reason=LetRec round body
BOUNDARY node=272 operator=Mfp reason=LetRec round body
BOUNDARY node=273 operator=Join reason=LetRec round body
BOUNDARY node=274 operator=Mfp reason=LetRec round body
BOUNDARY node=275 operator=Join reason=LetRec round body
BOUNDARY node=276 operator=Join reason=LetRec round body
BOUNDARY node=277 operator=Mfp reason=LetRec round body
BOUNDARY node=278 operator=Join reason=LetRec round body
BOUNDARY node=279 operator=Mfp reason=LetRec round body
BOUNDARY node=280 operator=Join reason=LetRec round body
BOUNDARY node=281 operator=Join reason=LetRec round body
BOUNDARY node=10 operator=Get reason=LetRec round body
BOUNDARY node=282 operator=Join reason=LetRec round body
BOUNDARY node=283 operator=Join reason=LetRec round body
BOUNDARY node=284 operator=Mfp reason=LetRec round body
BOUNDARY node=285 operator=Mint reason=LetRec round body
BOUNDARY node=286 operator=Mint reason=LetRec round body
BOUNDARY node=287 operator=Mfp reason=LetRec round body
BOUNDARY node=288 operator=Mfp reason=LetRec round body
BOUNDARY node=289 operator=Join reason=LetRec round body
BOUNDARY node=290 operator=Mfp reason=LetRec round body
BOUNDARY node=291 operator=Join reason=LetRec round body
BOUNDARY node=292 operator=Join reason=LetRec round body
BOUNDARY node=293 operator=Join reason=LetRec round body
BOUNDARY node=294 operator=Join reason=LetRec round body
BOUNDARY node=295 operator=Mfp reason=LetRec round body
BOUNDARY node=296 operator=Join reason=LetRec round body
BOUNDARY node=297 operator=Join reason=LetRec round body
BOUNDARY node=298 operator=Mfp reason=LetRec round body
BOUNDARY node=299 operator=Join reason=LetRec round body
BOUNDARY node=300 operator=Mfp reason=LetRec round body
BOUNDARY node=301 operator=Join reason=LetRec round body
BOUNDARY node=302 operator=Mfp reason=LetRec round body
BOUNDARY node=303 operator=Join reason=LetRec round body
BOUNDARY node=304 operator=Join reason=LetRec round body
BOUNDARY node=305 operator=Mfp reason=LetRec round body
BOUNDARY node=306 operator=Get reason=LetRec round body
BOUNDARY node=307 operator=Join reason=LetRec round body
BOUNDARY node=308 operator=Mfp reason=LetRec round body
BOUNDARY node=309 operator=Mint reason=LetRec round body
BOUNDARY node=310 operator=Mint reason=LetRec round body
BOUNDARY node=311 operator=Mint reason=LetRec round body
BOUNDARY node=312 operator=Mfp reason=LetRec round body
BOUNDARY node=313 operator=Mint reason=LetRec round body
BOUNDARY node=314 operator=Mint reason=LetRec round body
BOUNDARY node=315 operator=Mfp reason=LetRec round body
BOUNDARY node=316 operator=Join reason=LetRec round body
BOUNDARY node=317 operator=Join reason=LetRec round body
BOUNDARY node=318 operator=Join reason=LetRec round body
BOUNDARY node=319 operator=Join reason=LetRec round body
BOUNDARY node=320 operator=Mfp reason=LetRec round body
BOUNDARY node=321 operator=Mint reason=LetRec round body
BOUNDARY node=322 operator=Mint reason=LetRec round body
BOUNDARY node=323 operator=Mint reason=LetRec round body
BOUNDARY node=324 operator=Mint reason=LetRec round body
BOUNDARY node=325 operator=Mint reason=LetRec round body
BOUNDARY node=327 operator=Mfp reason=LetRec round body
BOUNDARY node=340 operator=Get reason=LetRec round body
BOUNDARY node=2 operator=Join reason=LetRec round body
BOUNDARY node=3 operator=Mfp reason=LetRec round body
BOUNDARY node=5 operator=Join reason=LetRec round body
BOUNDARY node=6 operator=Mfp reason=LetRec round body
BOUNDARY node=8 operator=Join reason=LetRec round body
BOUNDARY node=9 operator=Join reason=LetRec round body
BOUNDARY node=11 operator=Join reason=LetRec round body
BOUNDARY node=12 operator=Join reason=LetRec round body
BOUNDARY node=13 operator=Mfp reason=LetRec round body
BOUNDARY node=14 operator=Mfp reason=LetRec round body
BOUNDARY node=21 operator=Mfp reason=LetRec round body
BOUNDARY node=22 operator=Mfp reason=LetRec round body
BOUNDARY node=23 operator=Join reason=LetRec round body
BOUNDARY node=24 operator=Mfp reason=LetRec round body
BOUNDARY node=25 operator=Mfp reason=LetRec round body
BOUNDARY node=26 operator=Mfp reason=LetRec round body
BOUNDARY node=27 operator=Mfp reason=LetRec round body
BOUNDARY node=28 operator=Join reason=LetRec round body
BOUNDARY node=29 operator=Join reason=LetRec round body
BOUNDARY node=30 operator=Join reason=LetRec round body
BOUNDARY node=31 operator=Join reason=LetRec round body
BOUNDARY node=32 operator=Mfp reason=LetRec round body
BOUNDARY node=36 operator=Mfp reason=LetRec round body
BOUNDARY node=37 operator=Mfp reason=LetRec round body
BOUNDARY node=38 operator=Mfp reason=LetRec round body
BOUNDARY node=39 operator=Join reason=LetRec round body
BOUNDARY node=40 operator=Mfp reason=LetRec round body
BOUNDARY node=41 operator=Mfp reason=LetRec round body
BOUNDARY node=42 operator=Join reason=LetRec round body
BOUNDARY node=43 operator=Mfp reason=LetRec round body
BOUNDARY node=44 operator=Mfp reason=LetRec round body
BOUNDARY node=45 operator=Join reason=LetRec round body
BOUNDARY node=46 operator=Join reason=LetRec round body
BOUNDARY node=47 operator=Join reason=LetRec round body
BOUNDARY node=48 operator=Join reason=LetRec round body
BOUNDARY node=49 operator=Mfp reason=LetRec round body
BOUNDARY node=50 operator=Join reason=LetRec round body
BOUNDARY node=51 operator=Join reason=LetRec round body
BOUNDARY node=52 operator=Join reason=LetRec round body
BOUNDARY node=53 operator=Join reason=LetRec round body
BOUNDARY node=54 operator=Mfp reason=LetRec round body
BOUNDARY node=55 operator=Mint reason=LetRec round body
BOUNDARY node=56 operator=Mint reason=LetRec round body
BOUNDARY node=57 operator=Mfp reason=LetRec round body
BOUNDARY node=60 operator=Mfp reason=LetRec round body
BOUNDARY node=63 operator=Join reason=LetRec round body
BOUNDARY node=64 operator=Mfp reason=LetRec round body
BOUNDARY node=65 operator=Mfp reason=LetRec round body
BOUNDARY node=66 operator=Mfp reason=LetRec round body
BOUNDARY node=67 operator=Mfp reason=LetRec round body
BOUNDARY node=68 operator=Join reason=LetRec round body
BOUNDARY node=69 operator=Join reason=LetRec round body
BOUNDARY node=70 operator=Join reason=LetRec round body
BOUNDARY node=71 operator=Join reason=LetRec round body
BOUNDARY node=72 operator=Mfp reason=LetRec round body
BOUNDARY node=76 operator=Join reason=LetRec round body
BOUNDARY node=77 operator=Mfp reason=LetRec round body
BOUNDARY node=78 operator=Join reason=LetRec round body
BOUNDARY node=79 operator=Join reason=LetRec round body
BOUNDARY node=80 operator=Join reason=LetRec round body
BOUNDARY node=81 operator=Join reason=LetRec round body
BOUNDARY node=82 operator=Mfp reason=LetRec round body
BOUNDARY node=83 operator=Join reason=LetRec round body
BOUNDARY node=84 operator=Mfp reason=LetRec round body
BOUNDARY node=85 operator=Join reason=LetRec round body
BOUNDARY node=86 operator=Join reason=LetRec round body
BOUNDARY node=87 operator=Join reason=LetRec round body
BOUNDARY node=88 operator=Join reason=LetRec round body
BOUNDARY node=89 operator=Mfp reason=LetRec round body
BOUNDARY node=90 operator=Mint reason=LetRec round body
BOUNDARY node=91 operator=Mint reason=LetRec round body
BOUNDARY node=92 operator=Mfp reason=LetRec round body
BOUNDARY node=94 operator=Mfp reason=LetRec round body
BOUNDARY node=97 operator=Mfp reason=LetRec round body
BOUNDARY node=98 operator=Mfp reason=LetRec round body
BOUNDARY node=99 operator=Join reason=LetRec round body
BOUNDARY node=100 operator=Mfp reason=LetRec round body
BOUNDARY node=101 operator=Join reason=LetRec round body
BOUNDARY node=102 operator=Mfp reason=LetRec round body
BOUNDARY node=103 operator=Join reason=LetRec round body
BOUNDARY node=104 operator=Join reason=LetRec round body
BOUNDARY node=105 operator=Join reason=LetRec round body
BOUNDARY node=106 operator=Join reason=LetRec round body
BOUNDARY node=107 operator=Mfp reason=LetRec round body
BOUNDARY node=341 operator=Union reason=LetRec round body
BOUNDARY node=212 operator=Mfp reason=weighted input from an explicit IR recompute boundary
BOUNDARY node=216 operator=Join reason=weighted input from an explicit IR recompute boundary
BOUNDARY node=342 operator=Union reason=weighted input from an explicit IR recompute boundary
BOUNDARY node=343 operator=Threshold reason=weighted input from an explicit IR recompute boundary
VIEW {"openivm_detail":"refresh_type=SIMPLE_PROJECTION; group_cols=0; model_nodes=3; group_recompute_mode=source_delta; scan_occurrences=1; model_domains=0; node_domains=0; lineage_entries=0; node_lineage=0; node_semantics=2; node_unsupported=0; delta_only_nodes=2; delta_state_nodes=0; affected_recompute_nodes=0; full_recompute_nodes=1","openivm_warning":"","operator":"Get","sql":"SELECT * FROM r44","type":"SIMPLE_PROJECTION","type_code":2,"view":"n344"}
BOUNDARY node=110 operator=Mfp reason=weighted input from an explicit IR recompute boundary
BOUNDARY node=115 operator=Mfp reason=weighted input from an explicit IR recompute boundary
BOUNDARY node=116 operator=Mfp reason=weighted input from an explicit IR recompute boundary
BOUNDARY node=345 operator=Union reason=weighted input from an explicit IR recompute boundary
BOUNDARY node=346 operator=Threshold reason=weighted input from an explicit IR recompute boundary
BOUNDARY node=151 operator=Mfp reason=weighted input from an explicit IR recompute boundary
BOUNDARY node=152 operator=Get reason=weighted input from an explicit IR recompute boundary
BOUNDARY node=153 operator=Join reason=weighted input from an explicit IR recompute boundary
BOUNDARY node=154 operator=Join reason=weighted input from an explicit IR recompute boundary
BOUNDARY node=155 operator=Mfp reason=weighted input from an explicit IR recompute boundary
BOUNDARY node=156 operator=Join reason=weighted input from an explicit IR recompute boundary
BOUNDARY node=157 operator=Join reason=weighted input from an explicit IR recompute boundary
BOUNDARY node=158 operator=Join reason=weighted input from an explicit IR recompute boundary
BOUNDARY node=159 operator=Join reason=weighted input from an explicit IR recompute boundary
BOUNDARY node=160 operator=Join reason=weighted input from an explicit IR recompute boundary
BOUNDARY node=161 operator=Mfp reason=weighted input from an explicit IR recompute boundary
BOUNDARY node=162 operator=Join reason=weighted input from an explicit IR recompute boundary
BOUNDARY node=163 operator=Mfp reason=weighted input from an explicit IR recompute boundary
BOUNDARY node=164 operator=Join reason=weighted input from an explicit IR recompute boundary
BOUNDARY node=165 operator=Mfp reason=weighted input from an explicit IR recompute boundary
BOUNDARY node=347 operator=Threshold reason=weighted input from an explicit IR recompute boundary
BOUNDARY node=121 operator=Get reason=LetRec round body
BOUNDARY node=122 operator=Join reason=LetRec round body
BOUNDARY node=123 operator=Join reason=LetRec round body
BOUNDARY node=124 operator=Join reason=LetRec round body
BOUNDARY node=125 operator=Mfp reason=LetRec round body
BOUNDARY node=126 operator=Join reason=LetRec round body
BOUNDARY node=127 operator=Join reason=LetRec round body
BOUNDARY node=348 operator=Union reason=LetRec round body
BOUNDARY node=188 operator=Mfp reason=weighted input from an explicit IR recompute boundary
BOUNDARY node=208 operator=Mfp reason=weighted input from an explicit IR recompute boundary
BOUNDARY node=244 operator=Mfp reason=weighted input from an explicit IR recompute boundary
BOUNDARY node=326 operator=Mfp reason=weighted input from an explicit IR recompute boundary
BOUNDARY node=349 operator=Union reason=weighted input from an explicit IR recompute boundary
BOUNDARY node=350 operator=Threshold reason=weighted input from an explicit IR recompute boundary
VIEW {"openivm_detail":"refresh_type=SIMPLE_PROJECTION; group_cols=0; model_nodes=5; group_recompute_mode=source_delta; scan_occurrences=1; model_domains=0; node_domains=0; lineage_entries=0; node_lineage=0; node_semantics=6; node_unsupported=0; delta_only_nodes=4; delta_state_nodes=0; affected_recompute_nodes=0; full_recompute_nodes=1","openivm_warning":"","operator":"Output","sql":"SELECT c0 FROM r39","type":"SIMPLE_PROJECTION","type_code":2,"view":"out39"}
VIEW {"openivm_detail":"refresh_type=SIMPLE_PROJECTION; group_cols=0; model_nodes=4; group_recompute_mode=source_delta; scan_occurrences=1; model_domains=0; node_domains=0; lineage_entries=0; node_lineage=0; node_semantics=4; node_unsupported=0; delta_only_nodes=3; delta_state_nodes=0; affected_recompute_nodes=0; full_recompute_nodes=1","openivm_warning":"","operator":"OutputSnapshot","sql":"SELECT c0 FROM out39","type":"SIMPLE_PROJECTION","type_code":2,"view":"read39"}
VIEW {"openivm_detail":"refresh_type=SIMPLE_PROJECTION; group_cols=0; model_nodes=5; group_recompute_mode=source_delta; scan_occurrences=1; model_domains=0; node_domains=0; lineage_entries=0; node_lineage=0; node_semantics=6; node_unsupported=0; delta_only_nodes=4; delta_state_nodes=0; affected_recompute_nodes=0; full_recompute_nodes=1","openivm_warning":"","operator":"Output","sql":"SELECT c0 FROM r43","type":"SIMPLE_PROJECTION","type_code":2,"view":"out43"}
VIEW {"openivm_detail":"refresh_type=SIMPLE_PROJECTION; group_cols=0; model_nodes=4; group_recompute_mode=source_delta; scan_occurrences=1; model_domains=0; node_domains=0; lineage_entries=0; node_lineage=0; node_semantics=4; node_unsupported=0; delta_only_nodes=3; delta_state_nodes=0; affected_recompute_nodes=0; full_recompute_nodes=1","openivm_warning":"","operator":"OutputSnapshot","sql":"SELECT c0 FROM out43","type":"SIMPLE_PROJECTION","type_code":2,"view":"read43"}
VIEW {"openivm_detail":"refresh_type=SIMPLE_PROJECTION; group_cols=0; model_nodes=5; group_recompute_mode=source_delta; scan_occurrences=1; model_domains=0; node_domains=0; lineage_entries=0; node_lineage=0; node_semantics=6; node_unsupported=0; delta_only_nodes=4; delta_state_nodes=0; affected_recompute_nodes=0; full_recompute_nodes=1","openivm_warning":"","operator":"Output","sql":"SELECT c0 FROM r47","type":"SIMPLE_PROJECTION","type_code":2,"view":"out47"}
VIEW {"openivm_detail":"refresh_type=SIMPLE_PROJECTION; group_cols=0; model_nodes=4; group_recompute_mode=source_delta; scan_occurrences=1; model_domains=0; node_domains=0; lineage_entries=0; node_lineage=0; node_semantics=4; node_unsupported=0; delta_only_nodes=3; delta_state_nodes=0; affected_recompute_nodes=0; full_recompute_nodes=1","openivm_warning":"","operator":"OutputSnapshot","sql":"SELECT c0 FROM out47","type":"SIMPLE_PROJECTION","type_code":2,"view":"read47"}
VIEW {"openivm_detail":"refresh_type=SIMPLE_PROJECTION; group_cols=0; model_nodes=5; group_recompute_mode=source_delta; scan_occurrences=1; model_domains=0; node_domains=0; lineage_entries=0; node_lineage=0; node_semantics=6; node_unsupported=0; delta_only_nodes=4; delta_state_nodes=0; affected_recompute_nodes=0; full_recompute_nodes=1","openivm_warning":"","operator":"Output","sql":"SELECT c0 FROM r49","type":"SIMPLE_PROJECTION","type_code":2,"view":"out49"}
VIEW {"openivm_detail":"refresh_type=SIMPLE_PROJECTION; group_cols=0; model_nodes=4; group_recompute_mode=source_delta; scan_occurrences=1; model_domains=0; node_domains=0; lineage_entries=0; node_lineage=0; node_semantics=4; node_unsupported=0; delta_only_nodes=3; delta_state_nodes=0; affected_recompute_nodes=0; full_recompute_nodes=1","openivm_warning":"","operator":"OutputSnapshot","sql":"SELECT c0 FROM out49","type":"SIMPLE_PROJECTION","type_code":2,"view":"read49"}
VIEW {"openivm_detail":"refresh_type=SIMPLE_PROJECTION; group_cols=0; model_nodes=5; group_recompute_mode=source_delta; scan_occurrences=1; model_domains=0; node_domains=0; lineage_entries=0; node_lineage=0; node_semantics=6; node_unsupported=0; delta_only_nodes=4; delta_state_nodes=0; affected_recompute_nodes=0; full_recompute_nodes=1","openivm_warning":"","operator":"Output","sql":"SELECT c0,c1,c2,c3 FROM r53","type":"SIMPLE_PROJECTION","type_code":2,"view":"out53"}
VIEW {"openivm_detail":"refresh_type=SIMPLE_PROJECTION; group_cols=0; model_nodes=4; group_recompute_mode=source_delta; scan_occurrences=1; model_domains=0; node_domains=0; lineage_entries=0; node_lineage=0; node_semantics=4; node_unsupported=0; delta_only_nodes=3; delta_state_nodes=0; affected_recompute_nodes=0; full_recompute_nodes=1","openivm_warning":"","operator":"OutputSnapshot","sql":"SELECT c0,c1,c2,c3 FROM out53","type":"SIMPLE_PROJECTION","type_code":2,"view":"read53"}
TRANSPORT {"statements":7836,"refreshes":16}
ivm-duckdb: LetRec [28, 30, 38, 42, 44, 46, 50, 52, 54, 56, 58, 60, 62, 66, 68, 74]: SQL full recompute from empty; OpenIVM has no recursive IVM
ivm-duckdb: LetRec [36]: SQL full recompute from empty; OpenIVM has no recursive IVM
BOUNDARY node=176 operator=Get reason=LetRec round body
BOUNDARY node=7 operator=Get reason=LetRec round body
BOUNDARY node=328 operator=Union reason=weighted input from an explicit IR recompute boundary
VIEW {"openivm_detail":"refresh_type=SIMPLE_PROJECTION; group_cols=0; model_nodes=3; group_recompute_mode=source_delta; scan_occurrences=1; model_domains=0; node_domains=0; lineage_entries=0; node_lineage=0; node_semantics=2; node_unsupported=0; delta_only_nodes=2; delta_state_nodes=0; affected_recompute_nodes=0; full_recompute_nodes=1","openivm_warning":"","operator":"Get","sql":"SELECT * FROM r25","type":"SIMPLE_PROJECTION","type_code":2,"view":"n329"}
VIEW {"openivm_detail":"refresh_type=SIMPLE_PROJECTION; group_cols=0; model_nodes=3; group_recompute_mode=source_delta; scan_occurrences=1; model_domains=0; node_domains=0; lineage_entries=0; node_lineage=0; node_semantics=2; node_unsupported=0; delta_only_nodes=2; delta_state_nodes=0; affected_recompute_nodes=0; full_recompute_nodes=1","openivm_warning":"","operator":"Get","sql":"SELECT * FROM r31","type":"SIMPLE_PROJECTION","type_code":2,"view":"n330"}
VIEW {"openivm_detail":"refresh_type=SIMPLE_PROJECTION; group_cols=0; model_nodes=3; group_recompute_mode=source_delta; scan_occurrences=1; model_domains=0; node_domains=0; lineage_entries=0; node_lineage=0; node_semantics=2; node_unsupported=0; delta_only_nodes=2; delta_state_nodes=0; affected_recompute_nodes=0; full_recompute_nodes=1","openivm_warning":"","operator":"Get","sql":"SELECT * FROM r33","type":"SIMPLE_PROJECTION","type_code":2,"view":"n331"}
VIEW {"openivm_detail":"refresh_type=SIMPLE_PROJECTION; group_cols=0; model_nodes=3; group_recompute_mode=source_delta; scan_occurrences=1; model_domains=0; node_domains=0; lineage_entries=0; node_lineage=0; node_semantics=2; node_unsupported=0; delta_only_nodes=2; delta_state_nodes=0; affected_recompute_nodes=0; full_recompute_nodes=1","openivm_warning":"","operator":"Get","sql":"SELECT * FROM r63","type":"SIMPLE_PROJECTION","type_code":2,"view":"n332"}
VIEW {"openivm_detail":"refresh_type=SIMPLE_PROJECTION; group_cols=0; model_nodes=3; group_recompute_mode=source_delta; scan_occurrences=1; model_domains=0; node_domains=0; lineage_entries=0; node_lineage=0; node_semantics=2; node_unsupported=0; delta_only_nodes=2; delta_state_nodes=0; affected_recompute_nodes=0; full_recompute_nodes=1","openivm_warning":"","operator":"Get","sql":"SELECT * FROM r69","type":"SIMPLE_PROJECTION","type_code":2,"view":"n333"}
BOUNDARY node=334 operator=Get reason=LetRec round body
BOUNDARY node=0 operator=Get reason=LetRec round body
BOUNDARY node=108 operator=Mfp reason=LetRec round body
BOUNDARY node=111 operator=Get reason=LetRec round body
BOUNDARY node=112 operator=Mfp reason=LetRec round body
BOUNDARY node=95 operator=Get reason=LetRec round body
BOUNDARY node=96 operator=Mfp reason=LetRec round body
BOUNDARY node=117 operator=Mfp reason=LetRec round body
BOUNDARY node=335 operator=Union reason=LetRec round body
BOUNDARY node=336 operator=Get reason=LetRec round body
BOUNDARY node=1 operator=Get reason=LetRec round body
BOUNDARY node=109 operator=Mfp reason=LetRec round body
BOUNDARY node=118 operator=Mfp reason=LetRec round body
BOUNDARY node=113 operator=Get reason=LetRec round body
BOUNDARY node=114 operator=Mfp reason=LetRec round body
BOUNDARY node=119 operator=Mfp reason=LetRec round body
BOUNDARY node=120 operator=Mfp reason=LetRec round body
BOUNDARY node=337 operator=Union reason=LetRec round body
BOUNDARY node=338 operator=Get reason=LetRec round body
BOUNDARY node=128 operator=Get reason=LetRec round body
BOUNDARY node=4 operator=Get reason=LetRec round body
BOUNDARY node=129 operator=Join reason=LetRec round body
BOUNDARY node=130 operator=Mfp reason=LetRec round body
BOUNDARY node=131 operator=Get reason=LetRec round body
BOUNDARY node=132 operator=Join reason=LetRec round body
BOUNDARY node=133 operator=Mfp reason=LetRec round body
BOUNDARY node=15 operator=Get reason=LetRec round body
BOUNDARY node=134 operator=Mfp reason=LetRec round body
BOUNDARY node=135 operator=Join reason=LetRec round body
BOUNDARY node=136 operator=Mfp reason=LetRec round body
BOUNDARY node=137 operator=Join reason=LetRec round body
BOUNDARY node=138 operator=Mfp reason=LetRec round body
BOUNDARY node=139 operator=Join reason=LetRec round body
BOUNDARY node=140 operator=Mfp reason=LetRec round body
BOUNDARY node=58 operator=Get reason=LetRec round body
BOUNDARY node=141 operator=Join reason=LetRec round body
BOUNDARY node=142 operator=Mfp reason=LetRec round body
BOUNDARY node=143 operator=Join reason=LetRec round body
BOUNDARY node=144 operator=Mfp reason=LetRec round body
BOUNDARY node=145 operator=Join reason=LetRec round body
BOUNDARY node=146 operator=Mfp reason=LetRec round body
BOUNDARY node=147 operator=Mfp reason=LetRec round body
BOUNDARY node=148 operator=Mfp reason=LetRec round body
BOUNDARY node=149 operator=Get reason=LetRec round body
BOUNDARY node=150 operator=Mfp reason=LetRec round body
BOUNDARY node=339 operator=Union reason=LetRec round body
BOUNDARY node=340 operator=Get reason=LetRec round body
BOUNDARY node=166 operator=Get reason=LetRec round body
BOUNDARY node=167 operator=Mfp reason=LetRec round body
BOUNDARY node=168 operator=Mfp reason=LetRec round body
BOUNDARY node=169 operator=Mint reason=LetRec round body
BOUNDARY node=170 operator=Mint reason=LetRec round body
BOUNDARY node=171 operator=Mint reason=LetRec round body
BOUNDARY node=172 operator=Mfp reason=LetRec round body
BOUNDARY node=173 operator=Mint reason=LetRec round body
BOUNDARY node=174 operator=Mint reason=LetRec round body
BOUNDARY node=175 operator=Mfp reason=LetRec round body
BOUNDARY node=177 operator=Join reason=LetRec round body
BOUNDARY node=178 operator=Get reason=LetRec round body
BOUNDARY node=179 operator=Join reason=LetRec round body
BOUNDARY node=180 operator=Join reason=LetRec round body
BOUNDARY node=181 operator=Join reason=LetRec round body
BOUNDARY node=182 operator=Mfp reason=LetRec round body
BOUNDARY node=183 operator=Mint reason=LetRec round body
BOUNDARY node=184 operator=Mint reason=LetRec round body
BOUNDARY node=185 operator=Mint reason=LetRec round body
BOUNDARY node=186 operator=Mint reason=LetRec round body
BOUNDARY node=187 operator=Mint reason=LetRec round body
BOUNDARY node=189 operator=Mfp reason=LetRec round body
BOUNDARY node=341 operator=Union reason=LetRec round body
BOUNDARY node=342 operator=Get reason=LetRec round body
BOUNDARY node=190 operator=Mfp reason=LetRec round body
BOUNDARY node=191 operator=Mint reason=LetRec round body
BOUNDARY node=192 operator=Mint reason=LetRec round body
BOUNDARY node=193 operator=Mint reason=LetRec round body
BOUNDARY node=194 operator=Mfp reason=LetRec round body
BOUNDARY node=195 operator=Mint reason=LetRec round body
BOUNDARY node=196 operator=Mint reason=LetRec round body
BOUNDARY node=197 operator=Mfp reason=LetRec round body
BOUNDARY node=198 operator=Join reason=LetRec round body
BOUNDARY node=199 operator=Join reason=LetRec round body
BOUNDARY node=200 operator=Join reason=LetRec round body
BOUNDARY node=201 operator=Join reason=LetRec round body
BOUNDARY node=202 operator=Mfp reason=LetRec round body
BOUNDARY node=203 operator=Mint reason=LetRec round body
BOUNDARY node=204 operator=Mint reason=LetRec round body
BOUNDARY node=205 operator=Mint reason=LetRec round body
BOUNDARY node=206 operator=Mint reason=LetRec round body
BOUNDARY node=207 operator=Mint reason=LetRec round body
BOUNDARY node=209 operator=Mfp reason=LetRec round body
BOUNDARY node=343 operator=Union reason=LetRec round body
BOUNDARY node=344 operator=Get reason=LetRec round body
BOUNDARY node=210 operator=Join reason=LetRec round body
BOUNDARY node=211 operator=Mfp reason=LetRec round body
BOUNDARY node=345 operator=Union reason=LetRec round body
BOUNDARY node=346 operator=Get reason=LetRec round body
BOUNDARY node=217 operator=Mfp reason=LetRec round body
BOUNDARY node=33 operator=Get reason=LetRec round body
BOUNDARY node=218 operator=Mfp reason=LetRec round body
BOUNDARY node=219 operator=Mfp reason=LetRec round body
BOUNDARY node=220 operator=Mfp reason=LetRec round body
BOUNDARY node=221 operator=Mfp reason=LetRec round body
BOUNDARY node=222 operator=Mfp reason=LetRec round body
BOUNDARY node=75 operator=Get reason=LetRec round body
BOUNDARY node=223 operator=Join reason=LetRec round body
BOUNDARY node=224 operator=Mfp reason=LetRec round body
BOUNDARY node=347 operator=Union reason=LetRec round body
BOUNDARY node=348 operator=Get reason=LetRec round body
BOUNDARY node=225 operator=Get reason=LetRec round body
BOUNDARY node=226 operator=Mfp reason=LetRec round body
BOUNDARY node=227 operator=Mint reason=LetRec round body
BOUNDARY node=228 operator=Mint reason=LetRec round body
BOUNDARY node=229 operator=Mint reason=LetRec round body
BOUNDARY node=230 operator=Mfp reason=LetRec round body
BOUNDARY node=231 operator=Mint reason=LetRec round body
BOUNDARY node=232 operator=Mint reason=LetRec round body
BOUNDARY node=233 operator=Mfp reason=LetRec round body
BOUNDARY node=234 operator=Join reason=LetRec round body
BOUNDARY node=235 operator=Join reason=LetRec round body
BOUNDARY node=236 operator=Join reason=LetRec round body
BOUNDARY node=237 operator=Join reason=LetRec round body
BOUNDARY node=238 operator=Mfp reason=LetRec round body
BOUNDARY node=239 operator=Mint reason=LetRec round body
BOUNDARY node=240 operator=Mint reason=LetRec round body
BOUNDARY node=241 operator=Mint reason=LetRec round body
BOUNDARY node=242 operator=Mint reason=LetRec round body
BOUNDARY node=243 operator=Mint reason=LetRec round body
BOUNDARY node=245 operator=Mfp reason=LetRec round body
BOUNDARY node=349 operator=Union reason=LetRec round body
BOUNDARY node=350 operator=Get reason=LetRec round body
BOUNDARY node=16 operator=Mfp reason=LetRec round body
BOUNDARY node=17 operator=Get reason=LetRec round body
BOUNDARY node=18 operator=Join reason=LetRec round body
BOUNDARY node=19 operator=Mfp reason=LetRec round body
BOUNDARY node=20 operator=Mfp reason=LetRec round body
BOUNDARY node=246 operator=Mfp reason=LetRec round body
BOUNDARY node=34 operator=Join reason=LetRec round body
BOUNDARY node=35 operator=Mfp reason=LetRec round body
BOUNDARY node=247 operator=Mfp reason=LetRec round body
BOUNDARY node=59 operator=Join reason=LetRec round body
BOUNDARY node=61 operator=Mfp reason=LetRec round body
BOUNDARY node=62 operator=Mfp reason=LetRec round body
BOUNDARY node=248 operator=Mfp reason=LetRec round body
BOUNDARY node=73 operator=Mfp reason=LetRec round body
BOUNDARY node=74 operator=Mfp reason=LetRec round body
BOUNDARY node=249 operator=Mfp reason=LetRec round body
BOUNDARY node=351 operator=Union reason=LetRec round body
BOUNDARY node=352 operator=Get reason=LetRec round body
BOUNDARY node=250 operator=Mfp reason=LetRec round body
BOUNDARY node=251 operator=Join reason=LetRec round body
BOUNDARY node=252 operator=Join reason=LetRec round body
BOUNDARY node=253 operator=Join reason=LetRec round body
BOUNDARY node=254 operator=Mfp reason=LetRec round body
BOUNDARY node=255 operator=Mfp reason=LetRec round body
BOUNDARY node=256 operator=Mfp reason=LetRec round body
BOUNDARY node=257 operator=Join reason=LetRec round body
BOUNDARY node=258 operator=Join reason=LetRec round body
BOUNDARY node=259 operator=Mfp reason=LetRec round body
BOUNDARY node=353 operator=Union reason=LetRec round body
BOUNDARY node=354 operator=Get reason=LetRec round body
BOUNDARY node=213 operator=Mfp reason=LetRec round body
BOUNDARY node=214 operator=Join reason=LetRec round body
BOUNDARY node=215 operator=Mfp reason=LetRec round body
BOUNDARY node=260 operator=Join reason=LetRec round body
BOUNDARY node=261 operator=Join reason=LetRec round body
BOUNDARY node=262 operator=Mfp reason=LetRec round body
BOUNDARY node=263 operator=Join reason=LetRec round body
BOUNDARY node=264 operator=Mfp reason=LetRec round body
BOUNDARY node=265 operator=Join reason=LetRec round body
BOUNDARY node=266 operator=Mfp reason=LetRec round body
BOUNDARY node=93 operator=Get reason=LetRec round body
BOUNDARY node=267 operator=Join reason=LetRec round body
BOUNDARY node=268 operator=Join reason=LetRec round body
BOUNDARY node=269 operator=Join reason=LetRec round body
BOUNDARY node=270 operator=Mfp reason=LetRec round body
BOUNDARY node=271 operator=Join reason=LetRec round body
BOUNDARY node=355 operator=Union reason=LetRec round body
BOUNDARY node=356 operator=Get reason=LetRec round body
BOUNDARY node=272 operator=Mfp reason=LetRec round body
BOUNDARY node=273 operator=Join reason=LetRec round body
BOUNDARY node=274 operator=Mfp reason=LetRec round body
BOUNDARY node=275 operator=Join reason=LetRec round body
BOUNDARY node=276 operator=Join reason=LetRec round body
BOUNDARY node=277 operator=Mfp reason=LetRec round body
BOUNDARY node=278 operator=Join reason=LetRec round body
BOUNDARY node=279 operator=Mfp reason=LetRec round body
BOUNDARY node=280 operator=Join reason=LetRec round body
BOUNDARY node=281 operator=Join reason=LetRec round body
BOUNDARY node=10 operator=Get reason=LetRec round body
BOUNDARY node=282 operator=Join reason=LetRec round body
BOUNDARY node=283 operator=Join reason=LetRec round body
BOUNDARY node=284 operator=Mfp reason=LetRec round body
BOUNDARY node=285 operator=Mint reason=LetRec round body
BOUNDARY node=286 operator=Mint reason=LetRec round body
BOUNDARY node=287 operator=Mfp reason=LetRec round body
BOUNDARY node=357 operator=Union reason=LetRec round body
BOUNDARY node=358 operator=Get reason=LetRec round body
BOUNDARY node=288 operator=Mfp reason=LetRec round body
BOUNDARY node=289 operator=Join reason=LetRec round body
BOUNDARY node=290 operator=Mfp reason=LetRec round body
BOUNDARY node=291 operator=Join reason=LetRec round body
BOUNDARY node=292 operator=Join reason=LetRec round body
BOUNDARY node=293 operator=Join reason=LetRec round body
BOUNDARY node=294 operator=Join reason=LetRec round body
BOUNDARY node=295 operator=Mfp reason=LetRec round body
BOUNDARY node=296 operator=Join reason=LetRec round body
BOUNDARY node=297 operator=Join reason=LetRec round body
BOUNDARY node=298 operator=Mfp reason=LetRec round body
BOUNDARY node=299 operator=Join reason=LetRec round body
BOUNDARY node=300 operator=Mfp reason=LetRec round body
BOUNDARY node=301 operator=Join reason=LetRec round body
BOUNDARY node=302 operator=Mfp reason=LetRec round body
BOUNDARY node=303 operator=Join reason=LetRec round body
BOUNDARY node=304 operator=Join reason=LetRec round body
BOUNDARY node=359 operator=Union reason=LetRec round body
BOUNDARY node=360 operator=Get reason=LetRec round body
BOUNDARY node=305 operator=Mfp reason=LetRec round body
BOUNDARY node=361 operator=Union reason=LetRec round body
BOUNDARY node=362 operator=Get reason=LetRec round body
BOUNDARY node=306 operator=Get reason=LetRec round body
BOUNDARY node=307 operator=Join reason=LetRec round body
BOUNDARY node=308 operator=Mfp reason=LetRec round body
BOUNDARY node=309 operator=Mint reason=LetRec round body
BOUNDARY node=310 operator=Mint reason=LetRec round body
BOUNDARY node=311 operator=Mint reason=LetRec round body
BOUNDARY node=312 operator=Mfp reason=LetRec round body
BOUNDARY node=313 operator=Mint reason=LetRec round body
BOUNDARY node=314 operator=Mint reason=LetRec round body
BOUNDARY node=315 operator=Mfp reason=LetRec round body
BOUNDARY node=316 operator=Join reason=LetRec round body
BOUNDARY node=317 operator=Join reason=LetRec round body
BOUNDARY node=318 operator=Join reason=LetRec round body
BOUNDARY node=319 operator=Join reason=LetRec round body
BOUNDARY node=320 operator=Mfp reason=LetRec round body
BOUNDARY node=321 operator=Mint reason=LetRec round body
BOUNDARY node=322 operator=Mint reason=LetRec round body
BOUNDARY node=323 operator=Mint reason=LetRec round body
BOUNDARY node=324 operator=Mint reason=LetRec round body
BOUNDARY node=325 operator=Mint reason=LetRec round body
BOUNDARY node=327 operator=Mfp reason=LetRec round body
BOUNDARY node=363 operator=Union reason=LetRec round body
BOUNDARY node=364 operator=Get reason=LetRec round body
BOUNDARY node=2 operator=Join reason=LetRec round body
BOUNDARY node=3 operator=Mfp reason=LetRec round body
BOUNDARY node=5 operator=Join reason=LetRec round body
BOUNDARY node=6 operator=Mfp reason=LetRec round body
BOUNDARY node=8 operator=Join reason=LetRec round body
BOUNDARY node=9 operator=Join reason=LetRec round body
BOUNDARY node=11 operator=Join reason=LetRec round body
BOUNDARY node=12 operator=Join reason=LetRec round body
BOUNDARY node=13 operator=Mfp reason=LetRec round body
BOUNDARY node=14 operator=Mfp reason=LetRec round body
BOUNDARY node=21 operator=Mfp reason=LetRec round body
BOUNDARY node=22 operator=Mfp reason=LetRec round body
BOUNDARY node=23 operator=Join reason=LetRec round body
BOUNDARY node=24 operator=Mfp reason=LetRec round body
BOUNDARY node=25 operator=Mfp reason=LetRec round body
BOUNDARY node=26 operator=Mfp reason=LetRec round body
BOUNDARY node=27 operator=Mfp reason=LetRec round body
BOUNDARY node=28 operator=Join reason=LetRec round body
BOUNDARY node=29 operator=Join reason=LetRec round body
BOUNDARY node=30 operator=Join reason=LetRec round body
BOUNDARY node=31 operator=Join reason=LetRec round body
BOUNDARY node=32 operator=Mfp reason=LetRec round body
BOUNDARY node=36 operator=Mfp reason=LetRec round body
BOUNDARY node=37 operator=Mfp reason=LetRec round body
BOUNDARY node=38 operator=Mfp reason=LetRec round body
BOUNDARY node=39 operator=Join reason=LetRec round body
BOUNDARY node=40 operator=Mfp reason=LetRec round body
BOUNDARY node=41 operator=Mfp reason=LetRec round body
BOUNDARY node=42 operator=Join reason=LetRec round body
BOUNDARY node=43 operator=Mfp reason=LetRec round body
BOUNDARY node=44 operator=Mfp reason=LetRec round body
BOUNDARY node=45 operator=Join reason=LetRec round body
BOUNDARY node=46 operator=Join reason=LetRec round body
BOUNDARY node=47 operator=Join reason=LetRec round body
BOUNDARY node=48 operator=Join reason=LetRec round body
BOUNDARY node=49 operator=Mfp reason=LetRec round body
BOUNDARY node=50 operator=Join reason=LetRec round body
BOUNDARY node=51 operator=Join reason=LetRec round body
BOUNDARY node=52 operator=Join reason=LetRec round body
BOUNDARY node=53 operator=Join reason=LetRec round body
BOUNDARY node=54 operator=Mfp reason=LetRec round body
BOUNDARY node=55 operator=Mint reason=LetRec round body
BOUNDARY node=56 operator=Mint reason=LetRec round body
BOUNDARY node=57 operator=Mfp reason=LetRec round body
BOUNDARY node=60 operator=Mfp reason=LetRec round body
BOUNDARY node=63 operator=Join reason=LetRec round body
BOUNDARY node=64 operator=Mfp reason=LetRec round body
BOUNDARY node=65 operator=Mfp reason=LetRec round body
BOUNDARY node=66 operator=Mfp reason=LetRec round body
BOUNDARY node=67 operator=Mfp reason=LetRec round body
BOUNDARY node=68 operator=Join reason=LetRec round body
BOUNDARY node=69 operator=Join reason=LetRec round body
BOUNDARY node=70 operator=Join reason=LetRec round body
BOUNDARY node=71 operator=Join reason=LetRec round body
BOUNDARY node=72 operator=Mfp reason=LetRec round body
BOUNDARY node=76 operator=Join reason=LetRec round body
BOUNDARY node=77 operator=Mfp reason=LetRec round body
BOUNDARY node=78 operator=Join reason=LetRec round body
BOUNDARY node=79 operator=Join reason=LetRec round body
BOUNDARY node=80 operator=Join reason=LetRec round body
BOUNDARY node=81 operator=Join reason=LetRec round body
BOUNDARY node=82 operator=Mfp reason=LetRec round body
BOUNDARY node=83 operator=Join reason=LetRec round body
BOUNDARY node=84 operator=Mfp reason=LetRec round body
BOUNDARY node=85 operator=Join reason=LetRec round body
BOUNDARY node=86 operator=Join reason=LetRec round body
BOUNDARY node=87 operator=Join reason=LetRec round body
BOUNDARY node=88 operator=Join reason=LetRec round body
BOUNDARY node=89 operator=Mfp reason=LetRec round body
BOUNDARY node=90 operator=Mint reason=LetRec round body
BOUNDARY node=91 operator=Mint reason=LetRec round body
BOUNDARY node=92 operator=Mfp reason=LetRec round body
BOUNDARY node=94 operator=Mfp reason=LetRec round body
BOUNDARY node=97 operator=Mfp reason=LetRec round body
BOUNDARY node=98 operator=Mfp reason=LetRec round body
BOUNDARY node=99 operator=Join reason=LetRec round body
BOUNDARY node=100 operator=Mfp reason=LetRec round body
BOUNDARY node=101 operator=Join reason=LetRec round body
BOUNDARY node=102 operator=Mfp reason=LetRec round body
BOUNDARY node=103 operator=Join reason=LetRec round body
BOUNDARY node=104 operator=Join reason=LetRec round body
BOUNDARY node=105 operator=Join reason=LetRec round body
BOUNDARY node=106 operator=Join reason=LetRec round body
BOUNDARY node=107 operator=Mfp reason=LetRec round body
BOUNDARY node=365 operator=Union reason=LetRec round body
VIEW {"openivm_detail":"refresh_type=SIMPLE_PROJECTION; group_cols=0; model_nodes=3; group_recompute_mode=source_delta; scan_occurrences=1; model_domains=0; node_domains=0; lineage_entries=0; node_lineage=0; node_semantics=2; node_unsupported=0; delta_only_nodes=2; delta_state_nodes=0; affected_recompute_nodes=0; full_recompute_nodes=1","openivm_warning":"","operator":"Get","sql":"SELECT * FROM r47","type":"SIMPLE_PROJECTION","type_code":2,"view":"n366"}
BOUNDARY node=212 operator=Mfp reason=weighted input from an explicit IR recompute boundary
BOUNDARY node=216 operator=Join reason=weighted input from an explicit IR recompute boundary
BOUNDARY node=367 operator=Union reason=weighted input from an explicit IR recompute boundary
BOUNDARY node=368 operator=Threshold reason=weighted input from an explicit IR recompute boundary
VIEW {"openivm_detail":"refresh_type=SIMPLE_PROJECTION; group_cols=0; model_nodes=3; group_recompute_mode=source_delta; scan_occurrences=1; model_domains=0; node_domains=0; lineage_entries=0; node_lineage=0; node_semantics=2; node_unsupported=0; delta_only_nodes=2; delta_state_nodes=0; affected_recompute_nodes=0; full_recompute_nodes=1","openivm_warning":"","operator":"Get","sql":"SELECT * FROM r71","type":"SIMPLE_PROJECTION","type_code":2,"view":"n369"}
BOUNDARY node=110 operator=Mfp reason=weighted input from an explicit IR recompute boundary
BOUNDARY node=115 operator=Mfp reason=weighted input from an explicit IR recompute boundary
BOUNDARY node=116 operator=Mfp reason=weighted input from an explicit IR recompute boundary
BOUNDARY node=370 operator=Union reason=weighted input from an explicit IR recompute boundary
BOUNDARY node=371 operator=Threshold reason=weighted input from an explicit IR recompute boundary
VIEW {"openivm_detail":"refresh_type=SIMPLE_PROJECTION; group_cols=0; model_nodes=3; group_recompute_mode=source_delta; scan_occurrences=1; model_domains=0; node_domains=0; lineage_entries=0; node_lineage=0; node_semantics=2; node_unsupported=0; delta_only_nodes=2; delta_state_nodes=0; affected_recompute_nodes=0; full_recompute_nodes=1","openivm_warning":"","operator":"Get","sql":"SELECT * FROM r39","type":"SIMPLE_PROJECTION","type_code":2,"view":"n372"}
BOUNDARY node=151 operator=Mfp reason=weighted input from an explicit IR recompute boundary
BOUNDARY node=152 operator=Get reason=weighted input from an explicit IR recompute boundary
BOUNDARY node=153 operator=Join reason=weighted input from an explicit IR recompute boundary
BOUNDARY node=154 operator=Join reason=weighted input from an explicit IR recompute boundary
BOUNDARY node=155 operator=Mfp reason=weighted input from an explicit IR recompute boundary
BOUNDARY node=156 operator=Join reason=weighted input from an explicit IR recompute boundary
BOUNDARY node=157 operator=Join reason=weighted input from an explicit IR recompute boundary
BOUNDARY node=158 operator=Join reason=weighted input from an explicit IR recompute boundary
BOUNDARY node=159 operator=Join reason=weighted input from an explicit IR recompute boundary
BOUNDARY node=160 operator=Join reason=weighted input from an explicit IR recompute boundary
BOUNDARY node=161 operator=Mfp reason=weighted input from an explicit IR recompute boundary
BOUNDARY node=162 operator=Join reason=weighted input from an explicit IR recompute boundary
BOUNDARY node=163 operator=Mfp reason=weighted input from an explicit IR recompute boundary
BOUNDARY node=164 operator=Join reason=weighted input from an explicit IR recompute boundary
BOUNDARY node=165 operator=Mfp reason=weighted input from an explicit IR recompute boundary
BOUNDARY node=373 operator=Union reason=weighted input from an explicit IR recompute boundary
BOUNDARY node=374 operator=Threshold reason=weighted input from an explicit IR recompute boundary
BOUNDARY node=375 operator=Get reason=LetRec round body
BOUNDARY node=121 operator=Get reason=LetRec round body
BOUNDARY node=122 operator=Join reason=LetRec round body
BOUNDARY node=123 operator=Join reason=LetRec round body
BOUNDARY node=124 operator=Join reason=LetRec round body
BOUNDARY node=125 operator=Mfp reason=LetRec round body
BOUNDARY node=126 operator=Join reason=LetRec round body
BOUNDARY node=127 operator=Join reason=LetRec round body
BOUNDARY node=376 operator=Union reason=LetRec round body
BOUNDARY node=188 operator=Mfp reason=weighted input from an explicit IR recompute boundary
BOUNDARY node=208 operator=Mfp reason=weighted input from an explicit IR recompute boundary
BOUNDARY node=244 operator=Mfp reason=weighted input from an explicit IR recompute boundary
BOUNDARY node=326 operator=Mfp reason=weighted input from an explicit IR recompute boundary
BOUNDARY node=377 operator=Union reason=weighted input from an explicit IR recompute boundary
BOUNDARY node=378 operator=Threshold reason=weighted input from an explicit IR recompute boundary
VIEW {"openivm_detail":"refresh_type=SIMPLE_PROJECTION; group_cols=0; model_nodes=5; group_recompute_mode=source_delta; scan_occurrences=1; model_domains=0; node_domains=0; lineage_entries=0; node_lineage=0; node_semantics=6; node_unsupported=0; delta_only_nodes=4; delta_state_nodes=0; affected_recompute_nodes=0; full_recompute_nodes=1","openivm_warning":"","operator":"Output","sql":"SELECT c0,c1 FROM r26","type":"SIMPLE_PROJECTION","type_code":2,"view":"out26"}
VIEW {"openivm_detail":"refresh_type=SIMPLE_PROJECTION; group_cols=0; model_nodes=4; group_recompute_mode=source_delta; scan_occurrences=1; model_domains=0; node_domains=0; lineage_entries=0; node_lineage=0; node_semantics=4; node_unsupported=0; delta_only_nodes=3; delta_state_nodes=0; affected_recompute_nodes=0; full_recompute_nodes=1","openivm_warning":"","operator":"OutputSnapshot","sql":"SELECT c0,c1 FROM out26","type":"SIMPLE_PROJECTION","type_code":2,"view":"read26"}
VIEW {"openivm_detail":"refresh_type=SIMPLE_PROJECTION; group_cols=0; model_nodes=5; group_recompute_mode=source_delta; scan_occurrences=1; model_domains=0; node_domains=0; lineage_entries=0; node_lineage=0; node_semantics=6; node_unsupported=0; delta_only_nodes=4; delta_state_nodes=0; affected_recompute_nodes=0; full_recompute_nodes=1","openivm_warning":"","operator":"Output","sql":"SELECT c0,c1 FROM r32","type":"SIMPLE_PROJECTION","type_code":2,"view":"out32"}
VIEW {"openivm_detail":"refresh_type=SIMPLE_PROJECTION; group_cols=0; model_nodes=4; group_recompute_mode=source_delta; scan_occurrences=1; model_domains=0; node_domains=0; lineage_entries=0; node_lineage=0; node_semantics=4; node_unsupported=0; delta_only_nodes=3; delta_state_nodes=0; affected_recompute_nodes=0; full_recompute_nodes=1","openivm_warning":"","operator":"OutputSnapshot","sql":"SELECT c0,c1 FROM out32","type":"SIMPLE_PROJECTION","type_code":2,"view":"read32"}
VIEW {"openivm_detail":"refresh_type=SIMPLE_PROJECTION; group_cols=0; model_nodes=5; group_recompute_mode=source_delta; scan_occurrences=1; model_domains=0; node_domains=0; lineage_entries=0; node_lineage=0; node_semantics=6; node_unsupported=0; delta_only_nodes=4; delta_state_nodes=0; affected_recompute_nodes=0; full_recompute_nodes=1","openivm_warning":"","operator":"Output","sql":"SELECT c0,c1,c2 FROM r34","type":"SIMPLE_PROJECTION","type_code":2,"view":"out34"}
VIEW {"openivm_detail":"refresh_type=SIMPLE_PROJECTION; group_cols=0; model_nodes=4; group_recompute_mode=source_delta; scan_occurrences=1; model_domains=0; node_domains=0; lineage_entries=0; node_lineage=0; node_semantics=4; node_unsupported=0; delta_only_nodes=3; delta_state_nodes=0; affected_recompute_nodes=0; full_recompute_nodes=1","openivm_warning":"","operator":"OutputSnapshot","sql":"SELECT c0,c1,c2 FROM out34","type":"SIMPLE_PROJECTION","type_code":2,"view":"read34"}
VIEW {"openivm_detail":"refresh_type=SIMPLE_PROJECTION; group_cols=0; model_nodes=5; group_recompute_mode=source_delta; scan_occurrences=1; model_domains=0; node_domains=0; lineage_entries=0; node_lineage=0; node_semantics=6; node_unsupported=0; delta_only_nodes=4; delta_state_nodes=0; affected_recompute_nodes=0; full_recompute_nodes=1","openivm_warning":"","operator":"Output","sql":"SELECT c0 FROM r64","type":"SIMPLE_PROJECTION","type_code":2,"view":"out64"}
VIEW {"openivm_detail":"refresh_type=SIMPLE_PROJECTION; group_cols=0; model_nodes=4; group_recompute_mode=source_delta; scan_occurrences=1; model_domains=0; node_domains=0; lineage_entries=0; node_lineage=0; node_semantics=4; node_unsupported=0; delta_only_nodes=3; delta_state_nodes=0; affected_recompute_nodes=0; full_recompute_nodes=1","openivm_warning":"","operator":"OutputSnapshot","sql":"SELECT c0 FROM out64","type":"SIMPLE_PROJECTION","type_code":2,"view":"read64"}
VIEW {"openivm_detail":"refresh_type=SIMPLE_PROJECTION; group_cols=0; model_nodes=5; group_recompute_mode=source_delta; scan_occurrences=1; model_domains=0; node_domains=0; lineage_entries=0; node_lineage=0; node_semantics=6; node_unsupported=0; delta_only_nodes=4; delta_state_nodes=0; affected_recompute_nodes=0; full_recompute_nodes=1","openivm_warning":"","operator":"Output","sql":"SELECT c0 FROM r70","type":"SIMPLE_PROJECTION","type_code":2,"view":"out70"}
VIEW {"openivm_detail":"refresh_type=SIMPLE_PROJECTION; group_cols=0; model_nodes=4; group_recompute_mode=source_delta; scan_occurrences=1; model_domains=0; node_domains=0; lineage_entries=0; node_lineage=0; node_semantics=4; node_unsupported=0; delta_only_nodes=3; delta_state_nodes=0; affected_recompute_nodes=0; full_recompute_nodes=1","openivm_warning":"","operator":"OutputSnapshot","sql":"SELECT c0 FROM out70","type":"SIMPLE_PROJECTION","type_code":2,"view":"read70"}
TRANSPORT {"statements":147593,"refreshes":116}
ivm-duckdb: LetRec [262]: SQL full recompute from empty; OpenIVM has no recursive IVM
ivm-duckdb: LetRec [264]: SQL full recompute from empty; OpenIVM has no recursive IVM
ivm-duckdb: LetRec [260]: SQL full recompute from empty; OpenIVM has no recursive IVM
ivm-duckdb: LetRec [258]: SQL full recompute from empty; OpenIVM has no recursive IVM
ivm-duckdb: LetRec [168]: SQL full recompute from empty; OpenIVM has no recursive IVM
ivm-duckdb: LetRec [178, 180]: SQL full recompute from empty; OpenIVM has no recursive IVM
ivm-duckdb: LetRec [182]: SQL full recompute from empty; OpenIVM has no recursive IVM
ivm-duckdb: LetRec [48, 96, 100, 102, 236, 252]: SQL full recompute from empty; OpenIVM has no recursive IVM
ivm-duckdb: LetRec [36]: SQL full recompute from empty; OpenIVM has no recursive IVM
ivm-duckdb: LetRec [154]: SQL full recompute from empty; OpenIVM has no recursive IVM
BOUNDARY node=9 operator=Get reason=LetRec round body
VIEW {"openivm_detail":"refresh_type=SIMPLE_PROJECTION; group_cols=0; model_nodes=3; group_recompute_mode=source_delta; scan_occurrences=1; model_domains=0; node_domains=0; lineage_entries=0; node_lineage=0; node_semantics=2; node_unsupported=0; delta_only_nodes=2; delta_state_nodes=0; affected_recompute_nodes=0; full_recompute_nodes=1","openivm_warning":"","operator":"Get","sql":"SELECT * FROM r10","type":"SIMPLE_PROJECTION","type_code":2,"view":"n298"}
BOUNDARY node=1681 operator=Union reason=weighted input from an explicit IR recompute boundary
VIEW {"openivm_detail":"refresh_type=SIMPLE_PROJECTION; group_cols=0; model_nodes=3; group_recompute_mode=source_delta; scan_occurrences=1; model_domains=0; node_domains=0; lineage_entries=0; node_lineage=0; node_semantics=2; node_unsupported=0; delta_only_nodes=2; delta_state_nodes=0; affected_recompute_nodes=0; full_recompute_nodes=1","openivm_warning":"","operator":"Get","sql":"SELECT * FROM r25","type":"SIMPLE_PROJECTION","type_code":2,"view":"n1687"}
VIEW {"openivm_detail":"refresh_type=SIMPLE_PROJECTION; group_cols=0; model_nodes=3; group_recompute_mode=source_delta; scan_occurrences=1; model_domains=0; node_domains=0; lineage_entries=0; node_lineage=0; node_semantics=2; node_unsupported=0; delta_only_nodes=2; delta_state_nodes=0; affected_recompute_nodes=0; full_recompute_nodes=1","openivm_warning":"","operator":"Get","sql":"SELECT * FROM r29","type":"SIMPLE_PROJECTION","type_code":2,"view":"n1688"}
VIEW {"openivm_detail":"refresh_type=SIMPLE_PROJECTION; group_cols=0; model_nodes=3; group_recompute_mode=source_delta; scan_occurrences=1; model_domains=0; node_domains=0; lineage_entries=0; node_lineage=0; node_semantics=2; node_unsupported=0; delta_only_nodes=2; delta_state_nodes=0; affected_recompute_nodes=0; full_recompute_nodes=1","openivm_warning":"","operator":"Get","sql":"SELECT * FROM r33","type":"SIMPLE_PROJECTION","type_code":2,"view":"n1689"}
VIEW {"openivm_detail":"refresh_type=SIMPLE_PROJECTION; group_cols=0; model_nodes=3; group_recompute_mode=source_delta; scan_occurrences=1; model_domains=0; node_domains=0; lineage_entries=0; node_lineage=0; node_semantics=2; node_unsupported=0; delta_only_nodes=2; delta_state_nodes=0; affected_recompute_nodes=0; full_recompute_nodes=1","openivm_warning":"","operator":"Get","sql":"SELECT * FROM r37","type":"SIMPLE_PROJECTION","type_code":2,"view":"n1690"}
VIEW {"openivm_detail":"refresh_type=SIMPLE_PROJECTION; group_cols=0; model_nodes=3; group_recompute_mode=source_delta; scan_occurrences=1; model_domains=0; node_domains=0; lineage_entries=0; node_lineage=0; node_semantics=2; node_unsupported=0; delta_only_nodes=2; delta_state_nodes=0; affected_recompute_nodes=0; full_recompute_nodes=1","openivm_warning":"","operator":"Get","sql":"SELECT * FROM r39","type":"SIMPLE_PROJECTION","type_code":2,"view":"n1691"}
VIEW {"openivm_detail":"refresh_type=SIMPLE_PROJECTION; group_cols=0; model_nodes=3; group_recompute_mode=source_delta; scan_occurrences=1; model_domains=0; node_domains=0; lineage_entries=0; node_lineage=0; node_semantics=2; node_unsupported=0; delta_only_nodes=2; delta_state_nodes=0; affected_recompute_nodes=0; full_recompute_nodes=1","openivm_warning":"","operator":"Get","sql":"SELECT * FROM r97","type":"SIMPLE_PROJECTION","type_code":2,"view":"n1692"}
VIEW {"openivm_detail":"refresh_type=SIMPLE_PROJECTION; group_cols=0; model_nodes=3; group_recompute_mode=source_delta; scan_occurrences=1; model_domains=0; node_domains=0; lineage_entries=0; node_lineage=0; node_semantics=2; node_unsupported=0; delta_only_nodes=2; delta_state_nodes=0; affected_recompute_nodes=0; full_recompute_nodes=1","openivm_warning":"","operator":"Get","sql":"SELECT * FROM r143","type":"SIMPLE_PROJECTION","type_code":2,"view":"n1693"}
VIEW {"openivm_detail":"refresh_type=SIMPLE_PROJECTION; group_cols=0; model_nodes=3; group_recompute_mode=source_delta; scan_occurrences=1; model_domains=0; node_domains=0; lineage_entries=0; node_lineage=0; node_semantics=2; node_unsupported=0; delta_only_nodes=2; delta_state_nodes=0; affected_recompute_nodes=0; full_recompute_nodes=1","openivm_warning":"","operator":"Get","sql":"SELECT * FROM r147","type":"SIMPLE_PROJECTION","type_code":2,"view":"n1694"}
VIEW {"openivm_detail":"refresh_type=SIMPLE_PROJECTION; group_cols=0; model_nodes=3; group_recompute_mode=source_delta; scan_occurrences=1; model_domains=0; node_domains=0; lineage_entries=0; node_lineage=0; node_semantics=2; node_unsupported=0; delta_only_nodes=2; delta_state_nodes=0; affected_recompute_nodes=0; full_recompute_nodes=1","openivm_warning":"","operator":"Get","sql":"SELECT * FROM r163","type":"SIMPLE_PROJECTION","type_code":2,"view":"n1695"}
VIEW {"openivm_detail":"refresh_type=SIMPLE_PROJECTION; group_cols=0; model_nodes=3; group_recompute_mode=source_delta; scan_occurrences=1; model_domains=0; node_domains=0; lineage_entries=0; node_lineage=0; node_semantics=2; node_unsupported=0; delta_only_nodes=2; delta_state_nodes=0; affected_recompute_nodes=0; full_recompute_nodes=1","openivm_warning":"","operator":"Get","sql":"SELECT * FROM r165","type":"SIMPLE_PROJECTION","type_code":2,"view":"n1696"}
VIEW {"openivm_detail":"refresh_type=SIMPLE_PROJECTION; group_cols=0; model_nodes=3; group_recompute_mode=source_delta; scan_occurrences=1; model_domains=0; node_domains=0; lineage_entries=0; node_lineage=0; node_semantics=2; node_unsupported=0; delta_only_nodes=2; delta_state_nodes=0; affected_recompute_nodes=0; full_recompute_nodes=1","openivm_warning":"","operator":"Get","sql":"SELECT * FROM r173","type":"SIMPLE_PROJECTION","type_code":2,"view":"n1697"}
VIEW {"openivm_detail":"refresh_type=SIMPLE_PROJECTION; group_cols=0; model_nodes=3; group_recompute_mode=source_delta; scan_occurrences=1; model_domains=0; node_domains=0; lineage_entries=0; node_lineage=0; node_semantics=2; node_unsupported=0; delta_only_nodes=2; delta_state_nodes=0; affected_recompute_nodes=0; full_recompute_nodes=1","openivm_warning":"","operator":"Get","sql":"SELECT * FROM r187","type":"SIMPLE_PROJECTION","type_code":2,"view":"n1698"}
VIEW {"openivm_detail":"refresh_type=SIMPLE_PROJECTION; group_cols=0; model_nodes=3; group_recompute_mode=source_delta; scan_occurrences=1; model_domains=0; node_domains=0; lineage_entries=0; node_lineage=0; node_semantics=2; node_unsupported=0; delta_only_nodes=2; delta_state_nodes=0; affected_recompute_nodes=0; full_recompute_nodes=1","openivm_warning":"","operator":"Get","sql":"SELECT * FROM r191","type":"SIMPLE_PROJECTION","type_code":2,"view":"n1699"}
VIEW {"openivm_detail":"refresh_type=SIMPLE_PROJECTION; group_cols=0; model_nodes=3; group_recompute_mode=source_delta; scan_occurrences=1; model_domains=0; node_domains=0; lineage_entries=0; node_lineage=0; node_semantics=2; node_unsupported=0; delta_only_nodes=2; delta_state_nodes=0; affected_recompute_nodes=0; full_recompute_nodes=1","openivm_warning":"","operator":"Get","sql":"SELECT * FROM r207","type":"SIMPLE_PROJECTION","type_code":2,"view":"n1700"}
VIEW {"openivm_detail":"refresh_type=SIMPLE_PROJECTION; group_cols=0; model_nodes=3; group_recompute_mode=source_delta; scan_occurrences=1; model_domains=0; node_domains=0; lineage_entries=0; node_lineage=0; node_semantics=2; node_unsupported=0; delta_only_nodes=2; delta_state_nodes=0; affected_recompute_nodes=0; full_recompute_nodes=1","openivm_warning":"","operator":"Get","sql":"SELECT * FROM r211","type":"SIMPLE_PROJECTION","type_code":2,"view":"n1701"}
VIEW {"openivm_detail":"refresh_type=SIMPLE_PROJECTION; group_cols=0; model_nodes=3; group_recompute_mode=source_delta; scan_occurrences=1; model_domains=0; node_domains=0; lineage_entries=0; node_lineage=0; node_semantics=2; node_unsupported=0; delta_only_nodes=2; delta_state_nodes=0; affected_recompute_nodes=0; full_recompute_nodes=1","openivm_warning":"","operator":"Get","sql":"SELECT * FROM r213","type":"SIMPLE_PROJECTION","type_code":2,"view":"n1702"}
VIEW {"openivm_detail":"refresh_type=SIMPLE_PROJECTION; group_cols=0; model_nodes=3; group_recompute_mode=source_delta; scan_occurrences=1; model_domains=0; node_domains=0; lineage_entries=0; node_lineage=0; node_semantics=2; node_unsupported=0; delta_only_nodes=2; delta_state_nodes=0; affected_recompute_nodes=0; full_recompute_nodes=1","openivm_warning":"","operator":"Get","sql":"SELECT * FROM r217","type":"SIMPLE_PROJECTION","type_code":2,"view":"n1703"}
VIEW {"openivm_detail":"refresh_type=SIMPLE_PROJECTION; group_cols=0; model_nodes=3; group_recompute_mode=source_delta; scan_occurrences=1; model_domains=0; node_domains=0; lineage_entries=0; node_lineage=0; node_semantics=2; node_unsupported=0; delta_only_nodes=2; delta_state_nodes=0; affected_recompute_nodes=0; full_recompute_nodes=1","openivm_warning":"","operator":"Get","sql":"SELECT * FROM r221","type":"SIMPLE_PROJECTION","type_code":2,"view":"n1704"}
VIEW {"openivm_detail":"refresh_type=SIMPLE_PROJECTION; group_cols=0; model_nodes=3; group_recompute_mode=source_delta; scan_occurrences=1; model_domains=0; node_domains=0; lineage_entries=0; node_lineage=0; node_semantics=2; node_unsupported=0; delta_only_nodes=2; delta_state_nodes=0; affected_recompute_nodes=0; full_recompute_nodes=1","openivm_warning":"","operator":"Get","sql":"SELECT * FROM r223","type":"SIMPLE_PROJECTION","type_code":2,"view":"n1705"}
VIEW {"openivm_detail":"refresh_type=SIMPLE_PROJECTION; group_cols=0; model_nodes=3; group_recompute_mode=source_delta; scan_occurrences=1; model_domains=0; node_domains=0; lineage_entries=0; node_lineage=0; node_semantics=2; node_unsupported=0; delta_only_nodes=2; delta_state_nodes=0; affected_recompute_nodes=0; full_recompute_nodes=1","openivm_warning":"","operator":"Get","sql":"SELECT * FROM r225","type":"SIMPLE_PROJECTION","type_code":2,"view":"n1706"}
VIEW {"openivm_detail":"refresh_type=SIMPLE_PROJECTION; group_cols=0; model_nodes=3; group_recompute_mode=source_delta; scan_occurrences=1; model_domains=0; node_domains=0; lineage_entries=0; node_lineage=0; node_semantics=2; node_unsupported=0; delta_only_nodes=2; delta_state_nodes=0; affected_recompute_nodes=0; full_recompute_nodes=1","openivm_warning":"","operator":"Get","sql":"SELECT * FROM r227","type":"SIMPLE_PROJECTION","type_code":2,"view":"n1707"}
VIEW {"openivm_detail":"refresh_type=SIMPLE_PROJECTION; group_cols=0; model_nodes=3; group_recompute_mode=source_delta; scan_occurrences=1; model_domains=0; node_domains=0; lineage_entries=0; node_lineage=0; node_semantics=2; node_unsupported=0; delta_only_nodes=2; delta_state_nodes=0; affected_recompute_nodes=0; full_recompute_nodes=1","openivm_warning":"","operator":"Get","sql":"SELECT * FROM r229","type":"SIMPLE_PROJECTION","type_code":2,"view":"n1708"}
VIEW {"openivm_detail":"refresh_type=SIMPLE_PROJECTION; group_cols=0; model_nodes=3; group_recompute_mode=source_delta; scan_occurrences=1; model_domains=0; node_domains=0; lineage_entries=0; node_lineage=0; node_semantics=2; node_unsupported=0; delta_only_nodes=2; delta_state_nodes=0; affected_recompute_nodes=0; full_recompute_nodes=1","openivm_warning":"","operator":"Get","sql":"SELECT * FROM r0","type":"SIMPLE_PROJECTION","type_code":2,"view":"n51"}
VIEW {"openivm_detail":"refresh_type=SIMPLE_PROJECTION; group_cols=0; model_nodes=4; group_recompute_mode=source_delta; scan_occurrences=1; model_domains=0; node_domains=0; lineage_entries=0; node_lineage=0; node_semantics=4; node_unsupported=0; delta_only_nodes=3; delta_state_nodes=0; affected_recompute_nodes=0; full_recompute_nodes=1","openivm_warning":"","operator":"Mfp","sql":"SELECT s.c0 AS c0 FROM n51 s ","type":"SIMPLE_PROJECTION","type_code":2,"view":"n1036"}
VIEW {"openivm_detail":"refresh_type=SIMPLE_PROJECTION; group_cols=0; model_nodes=8; group_recompute_mode=source_delta; scan_occurrences=2; model_domains=0; node_domains=0; lineage_entries=0; node_lineage=0; node_semantics=8; node_unsupported=0; delta_only_nodes=7; delta_state_nodes=0; affected_recompute_nodes=0; full_recompute_nodes=1","openivm_warning":"","operator":"Union","sql":"SELECT * FROM n1708 UNION ALL SELECT * FROM n1036","type":"SIMPLE_PROJECTION","type_code":2,"view":"n1709"}
VIEW {"openivm_detail":"refresh_type=AGGREGATE_GROUP; group_cols=1; model_nodes=5; group_recompute_mode=source_delta; scan_occurrences=1; model_domains=1; node_domains=0; lineage_entries=0; node_lineage=0; node_semantics=6; node_unsupported=0; delta_only_nodes=3; delta_state_nodes=0; affected_recompute_nodes=1; full_recompute_nodes=1","openivm_warning":"","operator":"Threshold","sql":"SELECT DISTINCT c0 FROM n1709","type":"AGGREGATE_GROUP","type_code":0,"view":"n1710"}
VIEW {"openivm_detail":"refresh_type=SIMPLE_PROJECTION; group_cols=0; model_nodes=3; group_recompute_mode=source_delta; scan_occurrences=1; model_domains=0; node_domains=0; lineage_entries=0; node_lineage=0; node_semantics=2; node_unsupported=0; delta_only_nodes=2; delta_state_nodes=0; affected_recompute_nodes=0; full_recompute_nodes=1","openivm_warning":"","operator":"Get","sql":"SELECT * FROM r233","type":"SIMPLE_PROJECTION","type_code":2,"view":"n1711"}
VIEW {"openivm_detail":"refresh_type=SIMPLE_PROJECTION; group_cols=0; model_nodes=23; group_recompute_mode=source_delta; scan_occurrences=7; model_domains=0; node_domains=0; lineage_entries=0; node_lineage=0; node_semantics=28; node_unsupported=0; delta_only_nodes=22; delta_state_nodes=0; affected_recompute_nodes=0; full_recompute_nodes=1","openivm_warning":"","operator":"Union","sql":"SELECT * FROM n1711 UNION ALL SELECT * FROM n1036 UNION ALL SELECT * FROM n1036 UNION ALL SELECT * FROM n1036 UNION ALL SELECT * FROM n1036 UNION ALL SELECT * FROM n1036 UNION ALL SELECT * FROM n1036","type":"SIMPLE_PROJECTION","type_code":2,"view":"n1712"}
VIEW {"openivm_detail":"refresh_type=AGGREGATE_GROUP; group_cols=1; model_nodes=5; group_recompute_mode=source_delta; scan_occurrences=1; model_domains=1; node_domains=0; lineage_entries=0; node_lineage=0; node_semantics=6; node_unsupported=0; delta_only_nodes=3; delta_state_nodes=0; affected_recompute_nodes=1; full_recompute_nodes=1","openivm_warning":"","operator":"Threshold","sql":"SELECT DISTINCT c0 FROM n1712","type":"AGGREGATE_GROUP","type_code":0,"view":"n1713"}
VIEW {"openivm_detail":"refresh_type=SIMPLE_PROJECTION; group_cols=0; model_nodes=3; group_recompute_mode=source_delta; scan_occurrences=1; model_domains=0; node_domains=0; lineage_entries=0; node_lineage=0; node_semantics=2; node_unsupported=0; delta_only_nodes=2; delta_state_nodes=0; affected_recompute_nodes=0; full_recompute_nodes=1","openivm_warning":"","operator":"Get","sql":"SELECT * FROM r237","type":"SIMPLE_PROJECTION","type_code":2,"view":"n1714"}
VIEW {"openivm_detail":"refresh_type=SIMPLE_PROJECTION; group_cols=0; model_nodes=8; group_recompute_mode=source_delta; scan_occurrences=2; model_domains=0; node_domains=0; lineage_entries=0; node_lineage=0; node_semantics=8; node_unsupported=0; delta_only_nodes=7; delta_state_nodes=0; affected_recompute_nodes=0; full_recompute_nodes=1","openivm_warning":"","operator":"Union","sql":"SELECT * FROM n1714 UNION ALL SELECT * FROM n1036","type":"SIMPLE_PROJECTION","type_code":2,"view":"n1715"}
VIEW {"openivm_detail":"refresh_type=AGGREGATE_GROUP; group_cols=1; model_nodes=5; group_recompute_mode=source_delta; scan_occurrences=1; model_domains=1; node_domains=0; lineage_entries=0; node_lineage=0; node_semantics=6; node_unsupported=0; delta_only_nodes=3; delta_state_nodes=0; affected_recompute_nodes=1; full_recompute_nodes=1","openivm_warning":"","operator":"Threshold","sql":"SELECT DISTINCT c0 FROM n1715","type":"AGGREGATE_GROUP","type_code":0,"view":"n1716"}
VIEW {"openivm_detail":"refresh_type=SIMPLE_PROJECTION; group_cols=0; model_nodes=3; group_recompute_mode=source_delta; scan_occurrences=1; model_domains=0; node_domains=0; lineage_entries=0; node_lineage=0; node_semantics=2; node_unsupported=0; delta_only_nodes=2; delta_state_nodes=0; affected_recompute_nodes=0; full_recompute_nodes=1","openivm_warning":"","operator":"Get","sql":"SELECT * FROM r241","type":"SIMPLE_PROJECTION","type_code":2,"view":"n1717"}
VIEW {"openivm_detail":"refresh_type=SIMPLE_PROJECTION; group_cols=0; model_nodes=11; group_recompute_mode=source_delta; scan_occurrences=3; model_domains=0; node_domains=0; lineage_entries=0; node_lineage=0; node_semantics=12; node_unsupported=0; delta_only_nodes=10; delta_state_nodes=0; affected_recompute_nodes=0; full_recompute_nodes=1","openivm_warning":"","operator":"Union","sql":"SELECT * FROM n1717 UNION ALL SELECT * FROM n1036 UNION ALL SELECT * FROM n1036","type":"SIMPLE_PROJECTION","type_code":2,"view":"n1718"}
VIEW {"openivm_detail":"refresh_type=AGGREGATE_GROUP; group_cols=1; model_nodes=5; group_recompute_mode=source_delta; scan_occurrences=1; model_domains=1; node_domains=0; lineage_entries=0; node_lineage=0; node_semantics=6; node_unsupported=0; delta_only_nodes=3; delta_state_nodes=0; affected_recompute_nodes=1; full_recompute_nodes=1","openivm_warning":"","operator":"Threshold","sql":"SELECT DISTINCT c0 FROM n1718","type":"AGGREGATE_GROUP","type_code":0,"view":"n1719"}
VIEW {"openivm_detail":"refresh_type=SIMPLE_PROJECTION; group_cols=0; model_nodes=3; group_recompute_mode=source_delta; scan_occurrences=1; model_domains=0; node_domains=0; lineage_entries=0; node_lineage=0; node_semantics=2; node_unsupported=0; delta_only_nodes=2; delta_state_nodes=0; affected_recompute_nodes=0; full_recompute_nodes=1","openivm_warning":"","operator":"Get","sql":"SELECT * FROM r245","type":"SIMPLE_PROJECTION","type_code":2,"view":"n1720"}
VIEW {"openivm_detail":"refresh_type=SIMPLE_PROJECTION; group_cols=0; model_nodes=8; group_recompute_mode=source_delta; scan_occurrences=2; model_domains=0; node_domains=0; lineage_entries=0; node_lineage=0; node_semantics=8; node_unsupported=0; delta_only_nodes=7; delta_state_nodes=0; affected_recompute_nodes=0; full_recompute_nodes=1","openivm_warning":"","operator":"Union","sql":"SELECT * FROM n1720 UNION ALL SELECT * FROM n1036","type":"SIMPLE_PROJECTION","type_code":2,"view":"n1721"}
VIEW {"openivm_detail":"refresh_type=AGGREGATE_GROUP; group_cols=1; model_nodes=5; group_recompute_mode=source_delta; scan_occurrences=1; model_domains=1; node_domains=0; lineage_entries=0; node_lineage=0; node_semantics=6; node_unsupported=0; delta_only_nodes=3; delta_state_nodes=0; affected_recompute_nodes=1; full_recompute_nodes=1","openivm_warning":"","operator":"Threshold","sql":"SELECT DISTINCT c0 FROM n1721","type":"AGGREGATE_GROUP","type_code":0,"view":"n1722"}
VIEW {"openivm_detail":"refresh_type=SIMPLE_PROJECTION; group_cols=0; model_nodes=3; group_recompute_mode=source_delta; scan_occurrences=1; model_domains=0; node_domains=0; lineage_entries=0; node_lineage=0; node_semantics=2; node_unsupported=0; delta_only_nodes=2; delta_state_nodes=0; affected_recompute_nodes=0; full_recompute_nodes=1","openivm_warning":"","operator":"Get","sql":"SELECT * FROM r55","type":"SIMPLE_PROJECTION","type_code":2,"view":"n1723"}
VIEW {"openivm_detail":"refresh_type=SIMPLE_PROJECTION; group_cols=0; model_nodes=5; group_recompute_mode=source_delta; scan_occurrences=1; model_domains=0; node_domains=0; lineage_entries=0; node_lineage=0; node_semantics=6; node_unsupported=0; delta_only_nodes=4; delta_state_nodes=0; affected_recompute_nodes=0; full_recompute_nodes=1","openivm_warning":"","operator":"Get","sql":"SELECT * FROM r224","type":"SIMPLE_PROJECTION","type_code":2,"view":"n183"}
VIEW {"openivm_detail":"refresh_type=SIMPLE_PROJECTION; group_cols=0; model_nodes=4; group_recompute_mode=source_delta; scan_occurrences=1; model_domains=0; node_domains=0; lineage_entries=0; node_lineage=0; node_semantics=4; node_unsupported=0; delta_only_nodes=3; delta_state_nodes=0; affected_recompute_nodes=0; full_recompute_nodes=1","openivm_warning":"","operator":"Mfp","sql":"SELECT s.c1 AS c0,s.c2 AS c1 FROM n183 s ","type":"SIMPLE_PROJECTION","type_code":2,"view":"n184"}
VIEW {"openivm_detail":"refresh_type=SIMPLE_PROJECTION; group_cols=0; model_nodes=8; group_recompute_mode=source_delta; scan_occurrences=2; model_domains=0; node_domains=0; lineage_entries=0; node_lineage=0; node_semantics=8; node_unsupported=0; delta_only_nodes=6; delta_state_nodes=1; affected_recompute_nodes=0; full_recompute_nodes=1","openivm_warning":"","operator":"Join","sql":"SELECT s0.c0 AS c0,s0.c1 AS c1,s1.c0 AS c2,s1.c1 AS c3 FROM n184 s0 CROSS JOIN n298 s1 WHERE s0.c1=s1.c0","type":"SIMPLE_PROJECTION","type_code":2,"view":"n299"}
VIEW {"openivm_detail":"refresh_type=SIMPLE_PROJECTION; group_cols=0; model_nodes=3; group_recompute_mode=source_delta; scan_occurrences=1; model_domains=0; node_domains=0; lineage_entries=0; node_lineage=0; node_semantics=2; node_unsupported=0; delta_only_nodes=2; delta_state_nodes=0; affected_recompute_nodes=0; full_recompute_nodes=1","openivm_warning":"","operator":"Get","sql":"SELECT * FROM r8","type":"SIMPLE_PROJECTION","type_code":2,"view":"n300"}
VIEW {"openivm_detail":"refresh_type=SIMPLE_PROJECTION; group_cols=0; model_nodes=8; group_recompute_mode=source_delta; scan_occurrences=2; model_domains=0; node_domains=0; lineage_entries=0; node_lineage=0; node_semantics=8; node_unsupported=0; delta_only_nodes=6; delta_state_nodes=1; affected_recompute_nodes=0; full_recompute_nodes=1","openivm_warning":"","operator":"Join","sql":"SELECT s0.c0 AS c0,s0.c1 AS c1,s0.c2 AS c2,s0.c3 AS c3,s1.c0 AS c4,s1.c1 AS c5 FROM n299 s0 CROSS JOIN n300 s1 WHERE s0.c3=s1.c0","type":"SIMPLE_PROJECTION","type_code":2,"view":"n301"}
BOUNDARY node=302 operator=Str reason=Rust dictionary/string scalar evaluation; bag output tracked by OpenIVM
BOUNDARY node=303 operator=Mint reason=Rust dictionary/string scalar evaluation; bag output tracked by OpenIVM
BOUNDARY node=304 operator=Mint reason=Rust dictionary/string scalar evaluation; bag output tracked by OpenIVM
VIEW {"openivm_detail":"refresh_type=SIMPLE_PROJECTION; group_cols=0; model_nodes=3; group_recompute_mode=source_delta; scan_occurrences=1; model_domains=0; node_domains=0; lineage_entries=0; node_lineage=0; node_semantics=2; node_unsupported=0; delta_only_nodes=2; delta_state_nodes=0; affected_recompute_nodes=0; full_recompute_nodes=1","openivm_warning":"","operator":"Mfp","sql":"SELECT s.c0 AS c0,s.c1 AS c1,s.c8 AS c2,(99408)::BIGINT AS c3,54 AS c4 FROM n304 s ","type":"SIMPLE_PROJECTION","type_code":2,"view":"n305"}
VIEW {"openivm_detail":"refresh_type=SIMPLE_PROJECTION; group_cols=0; model_nodes=8; group_recompute_mode=source_delta; scan_occurrences=2; model_domains=0; node_domains=0; lineage_entries=0; node_lineage=0; node_semantics=8; node_unsupported=0; delta_only_nodes=6; delta_state_nodes=1; affected_recompute_nodes=0; full_recompute_nodes=1","openivm_warning":"","operator":"Join","sql":"SELECT s0.c0 AS c0,s0.c1 AS c1,s0.c2 AS c2,s0.c3 AS c3,s0.c4 AS c4,s1.c0 AS c5,s1.c1 AS c6 FROM n305 s0 CROSS JOIN n298 s1 WHERE s0.c2=s1.c0","type":"SIMPLE_PROJECTION","type_code":2,"view":"n306"}
VIEW {"openivm_detail":"refresh_type=SIMPLE_PROJECTION; group_cols=0; model_nodes=8; group_recompute_mode=source_delta; scan_occurrences=2; model_domains=0; node_domains=0; lineage_entries=0; node_lineage=0; node_semantics=8; node_unsupported=0; delta_only_nodes=6; delta_state_nodes=1; affected_recompute_nodes=0; full_recompute_nodes=1","openivm_warning":"","operator":"Join","sql":"SELECT s0.c0 AS c0,s0.c1 AS c1,s0.c2 AS c2,s0.c3 AS c3,s0.c4 AS c4,s0.c5 AS c5,s0.c6 AS c6,s1.c0 AS c7,s1.c1 AS c8 FROM n306 s0 CROSS JOIN n298 s1 WHERE s0.c4=s1.c0","type":"SIMPLE_PROJECTION","type_code":2,"view":"n307"}
VIEW {"openivm_detail":"refresh_type=SIMPLE_PROJECTION; group_cols=0; model_nodes=3; group_recompute_mode=source_delta; scan_occurrences=1; model_domains=0; node_domains=0; lineage_entries=0; node_lineage=0; node_semantics=2; node_unsupported=0; delta_only_nodes=2; delta_state_nodes=0; affected_recompute_nodes=0; full_recompute_nodes=1","openivm_warning":"","operator":"Get","sql":"SELECT * FROM r6","type":"SIMPLE_PROJECTION","type_code":2,"view":"n308"}
VIEW {"openivm_detail":"refresh_type=SIMPLE_PROJECTION; group_cols=0; model_nodes=8; group_recompute_mode=source_delta; scan_occurrences=2; model_domains=0; node_domains=0; lineage_entries=0; node_lineage=0; node_semantics=8; node_unsupported=0; delta_only_nodes=6; delta_state_nodes=1; affected_recompute_nodes=0; full_recompute_nodes=1","openivm_warning":"","operator":"Join","sql":"SELECT s0.c0 AS c0,s0.c1 AS c1,s0.c2 AS c2,s0.c3 AS c3,s0.c4 AS c4,s0.c5 AS c5,s0.c6 AS c6,s0.c7 AS c7,s0.c8 AS c8,s1.c0 AS c9,s1.c1 AS c10 FROM n307 s0 CROSS JOIN n308 s1 WHERE s0.c6=s1.c0","type":"SIMPLE_PROJECTION","type_code":2,"view":"n309"}
VIEW {"openivm_detail":"refresh_type=SIMPLE_PROJECTION; group_cols=0; model_nodes=8; group_recompute_mode=source_delta; scan_occurrences=2; model_domains=0; node_domains=0; lineage_entries=0; node_lineage=0; node_semantics=8; node_unsupported=0; delta_only_nodes=6; delta_state_nodes=1; affected_recompute_nodes=0; full_recompute_nodes=1","openivm_warning":"","operator":"Join","sql":"SELECT s0.c0 AS c0,s0.c1 AS c1,s0.c2 AS c2,s0.c3 AS c3,s0.c4 AS c4,s0.c5 AS c5,s0.c6 AS c6,s0.c7 AS c7,s0.c8 AS c8,s0.c9 AS c9,s0.c10 AS c10,s1.c0 AS c11,s1.c1 AS c12 FROM n309 s0 CROSS JOIN n308 s1 WHERE s0.c8=s1.c0","type":"SIMPLE_PROJECTION","type_code":2,"view":"n310"}
VIEW {"openivm_detail":"refresh_type=SIMPLE_PROJECTION; group_cols=0; model_nodes=5; group_recompute_mode=source_delta; scan_occurrences=1; model_domains=0; node_domains=0; lineage_entries=0; node_lineage=0; node_semantics=4; node_unsupported=0; delta_only_nodes=4; delta_state_nodes=0; affected_recompute_nodes=0; full_recompute_nodes=1","openivm_warning":"","operator":"Mfp","sql":"SELECT s.c0 AS c0,s.c1 AS c1,(106345)::BIGINT AS c2,56 AS c3,(65)::BIGINT AS c4,37 AS c5 FROM n310 s WHERE (((s.c12) < (s.c10))::BIGINT)<>0","type":"SIMPLE_PROJECTION","type_code":2,"view":"n311"}
BOUNDARY node=312 operator=Mint reason=Rust dictionary/string scalar evaluation; bag output tracked by OpenIVM
VIEW {"openivm_detail":"refresh_type=SIMPLE_PROJECTION; group_cols=0; model_nodes=3; group_recompute_mode=source_delta; scan_occurrences=1; model_domains=0; node_domains=0; lineage_entries=0; node_lineage=0; node_semantics=2; node_unsupported=0; delta_only_nodes=2; delta_state_nodes=0; affected_recompute_nodes=0; full_recompute_nodes=1","openivm_warning":"","operator":"Mfp","sql":"SELECT s.c0 AS c0,s.c1 AS c1,s.c2 AS c2,s.c3 AS c3,s.c4 AS c4,s.c5 AS c5,s.c6 AS c6,(6915)::BIGINT AS c7,36 AS c8 FROM n312 s ","type":"SIMPLE_PROJECTION","type_code":2,"view":"n313"}
BOUNDARY node=314 operator=Mint reason=Rust dictionary/string scalar evaluation; bag output tracked by OpenIVM
BOUNDARY node=315 operator=Mint reason=Rust dictionary/string scalar evaluation; bag output tracked by OpenIVM
VIEW {"openivm_detail":"refresh_type=SIMPLE_PROJECTION; group_cols=0; model_nodes=3; group_recompute_mode=source_delta; scan_occurrences=1; model_domains=0; node_domains=0; lineage_entries=0; node_lineage=0; node_semantics=2; node_unsupported=0; delta_only_nodes=2; delta_state_nodes=0; affected_recompute_nodes=0; full_recompute_nodes=1","openivm_warning":"","operator":"Mfp","sql":"SELECT s.c0 AS c0,s.c1 AS c1,s.c3 AS c2,s.c10 AS c3,(126491)::BIGINT AS c4,48 AS c5 FROM n315 s ","type":"SIMPLE_PROJECTION","type_code":2,"view":"n316"}
BOUNDARY node=317 operator=Join reason=weighted input from an explicit IR recompute boundary
BOUNDARY node=33 operator=Get reason=LetRec round body
BOUNDARY node=318 operator=Join reason=weighted input from an explicit IR recompute boundary
BOUNDARY node=319 operator=Mfp reason=weighted input from an explicit IR recompute boundary
BOUNDARY node=320 operator=Mint reason=weighted input from an explicit IR recompute boundary
BOUNDARY node=321 operator=Mint reason=weighted input from an explicit IR recompute boundary
BOUNDARY node=322 operator=Mint reason=weighted input from an explicit IR recompute boundary
BOUNDARY node=324 operator=Mfp reason=weighted input from an explicit IR recompute boundary
BOUNDARY node=325 operator=Mint reason=weighted input from an explicit IR recompute boundary
BOUNDARY node=326 operator=Mfp reason=weighted input from an explicit IR recompute boundary
BOUNDARY node=327 operator=Mint reason=weighted input from an explicit IR recompute boundary
BOUNDARY node=328 operator=Mint reason=weighted input from an explicit IR recompute boundary
BOUNDARY node=329 operator=Mfp reason=weighted input from an explicit IR recompute boundary
BOUNDARY node=330 operator=Join reason=weighted input from an explicit IR recompute boundary
BOUNDARY node=331 operator=Join reason=weighted input from an explicit IR recompute boundary
BOUNDARY node=332 operator=Mfp reason=weighted input from an explicit IR recompute boundary
BOUNDARY node=333 operator=Mint reason=weighted input from an explicit IR recompute boundary
BOUNDARY node=334 operator=Mint reason=weighted input from an explicit IR recompute boundary
BOUNDARY node=335 operator=Mint reason=weighted input from an explicit IR recompute boundary
BOUNDARY node=337 operator=Mfp reason=weighted input from an explicit IR recompute boundary
BOUNDARY node=338 operator=Mint reason=weighted input from an explicit IR recompute boundary
BOUNDARY node=339 operator=Mint reason=weighted input from an explicit IR recompute boundary
BOUNDARY node=340 operator=Mfp reason=weighted input from an explicit IR recompute boundary
BOUNDARY node=341 operator=Mint reason=weighted input from an explicit IR recompute boundary
BOUNDARY node=342 operator=Mint reason=weighted input from an explicit IR recompute boundary
BOUNDARY node=343 operator=Mfp reason=weighted input from an explicit IR recompute boundary
BOUNDARY node=344 operator=Mint reason=weighted input from an explicit IR recompute boundary
BOUNDARY node=345 operator=Mfp reason=weighted input from an explicit IR recompute boundary
BOUNDARY node=346 operator=Mint reason=weighted input from an explicit IR recompute boundary
BOUNDARY node=347 operator=Mint reason=weighted input from an explicit IR recompute boundary
BOUNDARY node=348 operator=Mfp reason=weighted input from an explicit IR recompute boundary
BOUNDARY node=349 operator=Join reason=weighted input from an explicit IR recompute boundary
BOUNDARY node=350 operator=Join reason=weighted input from an explicit IR recompute boundary
BOUNDARY node=351 operator=Mfp reason=weighted input from an explicit IR recompute boundary
BOUNDARY node=352 operator=Mint reason=weighted input from an explicit IR recompute boundary
BOUNDARY node=353 operator=Mint reason=weighted input from an explicit IR recompute boundary
BOUNDARY node=354 operator=Mint reason=weighted input from an explicit IR recompute boundary
BOUNDARY node=356 operator=Mfp reason=weighted input from an explicit IR recompute boundary
VIEW {"openivm_detail":"refresh_type=SIMPLE_PROJECTION; group_cols=0; model_nodes=5; group_recompute_mode=source_delta; scan_occurrences=1; model_domains=0; node_domains=0; lineage_entries=0; node_lineage=0; node_semantics=4; node_unsupported=0; delta_only_nodes=4; delta_state_nodes=0; affected_recompute_nodes=0; full_recompute_nodes=1","openivm_warning":"","operator":"Mfp","sql":"SELECT s.c0 AS c0,(106344)::BIGINT AS c1,35 AS c2,(65)::BIGINT AS c3,37 AS c4 FROM n184 s WHERE (((s.c1) = (35))::BIGINT)<>0","type":"SIMPLE_PROJECTION","type_code":2,"view":"n357"}
BOUNDARY node=358 operator=Mint reason=Rust dictionary/string scalar evaluation; bag output tracked by OpenIVM
VIEW {"openivm_detail":"refresh_type=SIMPLE_PROJECTION; group_cols=0; model_nodes=3; group_recompute_mode=source_delta; scan_occurrences=1; model_domains=0; node_domains=0; lineage_entries=0; node_lineage=0; node_semantics=2; node_unsupported=0; delta_only_nodes=2; delta_state_nodes=0; affected_recompute_nodes=0; full_recompute_nodes=1","openivm_warning":"","operator":"Mfp","sql":"SELECT s.c0 AS c0,s.c1 AS c1,s.c2 AS c2,s.c3 AS c3,s.c4 AS c4,s.c5 AS c5,(6915)::BIGINT AS c6,36 AS c7 FROM n358 s ","type":"SIMPLE_PROJECTION","type_code":2,"view":"n359"}
BOUNDARY node=360 operator=Mint reason=Rust dictionary/string scalar evaluation; bag output tracked by OpenIVM
BOUNDARY node=361 operator=Mint reason=Rust dictionary/string scalar evaluation; bag output tracked by OpenIVM
VIEW {"openivm_detail":"refresh_type=SIMPLE_PROJECTION; group_cols=0; model_nodes=3; group_recompute_mode=source_delta; scan_occurrences=1; model_domains=0; node_domains=0; lineage_entries=0; node_lineage=0; node_semantics=2; node_unsupported=0; delta_only_nodes=2; delta_state_nodes=0; affected_recompute_nodes=0; full_recompute_nodes=1","openivm_warning":"","operator":"Mfp","sql":"SELECT s.c0 AS c0,s.c2 AS c1,s.c9 AS c2,(126491)::BIGINT AS c3,48 AS c4 FROM n361 s ","type":"SIMPLE_PROJECTION","type_code":2,"view":"n362"}
BOUNDARY node=363 operator=Join reason=weighted input from an explicit IR recompute boundary
BOUNDARY node=364 operator=Join reason=weighted input from an explicit IR recompute boundary
BOUNDARY node=365 operator=Mfp reason=weighted input from an explicit IR recompute boundary
BOUNDARY node=366 operator=Mint reason=weighted input from an explicit IR recompute boundary
BOUNDARY node=367 operator=Mint reason=weighted input from an explicit IR recompute boundary
BOUNDARY node=368 operator=Mint reason=weighted input from an explicit IR recompute boundary
BOUNDARY node=370 operator=Mfp reason=weighted input from an explicit IR recompute boundary
BOUNDARY node=1724 operator=Union reason=weighted input from an explicit IR recompute boundary
BOUNDARY node=1725 operator=Threshold reason=weighted input from an explicit IR recompute boundary
VIEW {"openivm_detail":"refresh_type=SIMPLE_PROJECTION; group_cols=0; model_nodes=3; group_recompute_mode=source_delta; scan_occurrences=1; model_domains=0; node_domains=0; lineage_entries=0; node_lineage=0; node_semantics=2; node_unsupported=0; delta_only_nodes=2; delta_state_nodes=0; affected_recompute_nodes=0; full_recompute_nodes=1","openivm_warning":"","operator":"Get","sql":"SELECT * FROM r63","type":"SIMPLE_PROJECTION","type_code":2,"view":"n1726"}
BOUNDARY node=946 operator=Get reason=LetRec round body
BOUNDARY node=947 operator=Mfp reason=weighted input from an explicit IR recompute boundary
BOUNDARY node=1358 operator=Mfp reason=weighted input from an explicit IR recompute boundary
BOUNDARY node=1727 operator=Union reason=weighted input from an explicit IR recompute boundary
BOUNDARY node=1728 operator=Threshold reason=weighted input from an explicit IR recompute boundary
VIEW {"openivm_detail":"refresh_type=SIMPLE_PROJECTION; group_cols=0; model_nodes=3; group_recompute_mode=source_delta; scan_occurrences=1; model_domains=0; node_domains=0; lineage_entries=0; node_lineage=0; node_semantics=2; node_unsupported=0; delta_only_nodes=2; delta_state_nodes=0; affected_recompute_nodes=0; full_recompute_nodes=1","openivm_warning":"","operator":"Get","sql":"SELECT * FROM r65","type":"SIMPLE_PROJECTION","type_code":2,"view":"n1729"}
BOUNDARY node=1356 operator=Mfp reason=LetRec round body
BOUNDARY node=1357 operator=Mfp reason=weighted input from an explicit IR recompute boundary
BOUNDARY node=1730 operator=Union reason=weighted input from an explicit IR recompute boundary
BOUNDARY node=1731 operator=Threshold reason=weighted input from an explicit IR recompute boundary
VIEW {"openivm_detail":"refresh_type=SIMPLE_PROJECTION; group_cols=0; model_nodes=3; group_recompute_mode=source_delta; scan_occurrences=1; model_domains=0; node_domains=0; lineage_entries=0; node_lineage=0; node_semantics=2; node_unsupported=0; delta_only_nodes=2; delta_state_nodes=0; affected_recompute_nodes=0; full_recompute_nodes=1","openivm_warning":"","operator":"Get","sql":"SELECT * FROM r75","type":"SIMPLE_PROJECTION","type_code":2,"view":"n1732"}
BOUNDARY node=1103 operator=Mfp reason=weighted input from an explicit IR recompute boundary
BOUNDARY node=1007 operator=Get reason=LetRec round body
BOUNDARY node=1311 operator=Join reason=weighted input from an explicit IR recompute boundary
BOUNDARY node=1733 operator=Union reason=weighted input from an explicit IR recompute boundary
BOUNDARY node=1734 operator=Threshold reason=weighted input from an explicit IR recompute boundary
VIEW {"openivm_detail":"refresh_type=SIMPLE_PROJECTION; group_cols=0; model_nodes=3; group_recompute_mode=source_delta; scan_occurrences=1; model_domains=0; node_domains=0; lineage_entries=0; node_lineage=0; node_semantics=2; node_unsupported=0; delta_only_nodes=2; delta_state_nodes=0; affected_recompute_nodes=0; full_recompute_nodes=1","openivm_warning":"","operator":"Get","sql":"SELECT * FROM r121","type":"SIMPLE_PROJECTION","type_code":2,"view":"n1735"}
BOUNDARY node=1106 operator=Mfp reason=weighted input from an explicit IR recompute boundary
BOUNDARY node=1107 operator=Join reason=weighted input from an explicit IR recompute boundary
BOUNDARY node=11 operator=Get reason=LetRec round body
BOUNDARY node=1108 operator=Join reason=weighted input from an explicit IR recompute boundary
BOUNDARY node=1109 operator=Mfp reason=weighted input from an explicit IR recompute boundary
BOUNDARY node=14 operator=Get reason=LetRec round body
BOUNDARY node=1110 operator=Join reason=weighted input from an explicit IR recompute boundary
BOUNDARY node=1111 operator=Join reason=weighted input from an explicit IR recompute boundary
BOUNDARY node=1112 operator=Mfp reason=weighted input from an explicit IR recompute boundary
BOUNDARY node=1113 operator=Mfp reason=weighted input from an explicit IR recompute boundary
BOUNDARY node=1736 operator=Union reason=weighted input from an explicit IR recompute boundary
BOUNDARY node=1737 operator=Threshold reason=weighted input from an explicit IR recompute boundary
VIEW {"openivm_detail":"refresh_type=SIMPLE_PROJECTION; group_cols=0; model_nodes=3; group_recompute_mode=source_delta; scan_occurrences=1; model_domains=0; node_domains=0; lineage_entries=0; node_lineage=0; node_semantics=2; node_unsupported=0; delta_only_nodes=2; delta_state_nodes=0; affected_recompute_nodes=0; full_recompute_nodes=1","openivm_warning":"","operator":"Get","sql":"SELECT * FROM r189","type":"SIMPLE_PROJECTION","type_code":2,"view":"n1738"}
VIEW {"openivm_detail":"refresh_type=SIMPLE_PROJECTION; group_cols=0; model_nodes=5; group_recompute_mode=source_delta; scan_occurrences=1; model_domains=0; node_domains=0; lineage_entries=0; node_lineage=0; node_semantics=6; node_unsupported=0; delta_only_nodes=4; delta_state_nodes=0; affected_recompute_nodes=0; full_recompute_nodes=1","openivm_warning":"","operator":"Get","sql":"SELECT * FROM r188","type":"SIMPLE_PROJECTION","type_code":2,"view":"n943"}
VIEW {"openivm_detail":"refresh_type=SIMPLE_PROJECTION; group_cols=0; model_nodes=4; group_recompute_mode=source_delta; scan_occurrences=1; model_domains=0; node_domains=0; lineage_entries=0; node_lineage=0; node_semantics=4; node_unsupported=0; delta_only_nodes=3; delta_state_nodes=0; affected_recompute_nodes=0; full_recompute_nodes=1","openivm_warning":"","operator":"Mfp","sql":"SELECT s.c0 AS c0 FROM n943 s ","type":"SIMPLE_PROJECTION","type_code":2,"view":"n944"}
VIEW {"openivm_detail":"refresh_type=SIMPLE_PROJECTION; group_cols=0; model_nodes=8; group_recompute_mode=source_delta; scan_occurrences=2; model_domains=0; node_domains=0; lineage_entries=0; node_lineage=0; node_semantics=8; node_unsupported=0; delta_only_nodes=7; delta_state_nodes=0; affected_recompute_nodes=0; full_recompute_nodes=1","openivm_warning":"","operator":"Union","sql":"SELECT * FROM n1738 UNION ALL SELECT * FROM n944","type":"SIMPLE_PROJECTION","type_code":2,"view":"n1739"}
VIEW {"openivm_detail":"refresh_type=AGGREGATE_GROUP; group_cols=1; model_nodes=5; group_recompute_mode=source_delta; scan_occurrences=1; model_domains=1; node_domains=0; lineage_entries=0; node_lineage=0; node_semantics=6; node_unsupported=0; delta_only_nodes=3; delta_state_nodes=0; affected_recompute_nodes=1; full_recompute_nodes=1","openivm_warning":"","operator":"Threshold","sql":"SELECT DISTINCT c0 FROM n1739","type":"AGGREGATE_GROUP","type_code":0,"view":"n1740"}
VIEW {"openivm_detail":"refresh_type=SIMPLE_PROJECTION; group_cols=0; model_nodes=3; group_recompute_mode=source_delta; scan_occurrences=1; model_domains=0; node_domains=0; lineage_entries=0; node_lineage=0; node_semantics=2; node_unsupported=0; delta_only_nodes=2; delta_state_nodes=0; affected_recompute_nodes=0; full_recompute_nodes=1","openivm_warning":"","operator":"Get","sql":"SELECT * FROM r197","type":"SIMPLE_PROJECTION","type_code":2,"view":"n1741"}
VIEW {"openivm_detail":"refresh_type=SIMPLE_PROJECTION; group_cols=0; model_nodes=5; group_recompute_mode=source_delta; scan_occurrences=1; model_domains=0; node_domains=0; lineage_entries=0; node_lineage=0; node_semantics=6; node_unsupported=0; delta_only_nodes=4; delta_state_nodes=0; affected_recompute_nodes=0; full_recompute_nodes=1","openivm_warning":"","operator":"Get","sql":"SELECT * FROM r222","type":"SIMPLE_PROJECTION","type_code":2,"view":"n502"}
VIEW {"openivm_detail":"refresh_type=SIMPLE_PROJECTION; group_cols=0; model_nodes=4; group_recompute_mode=source_delta; scan_occurrences=1; model_domains=0; node_domains=0; lineage_entries=0; node_lineage=0; node_semantics=4; node_unsupported=0; delta_only_nodes=3; delta_state_nodes=0; affected_recompute_nodes=0; full_recompute_nodes=1","openivm_warning":"","operator":"Mfp","sql":"SELECT s.c1 AS c0 FROM n502 s ","type":"SIMPLE_PROJECTION","type_code":2,"view":"n928"}
VIEW {"openivm_detail":"refresh_type=SIMPLE_PROJECTION; group_cols=0; model_nodes=8; group_recompute_mode=source_delta; scan_occurrences=2; model_domains=0; node_domains=0; lineage_entries=0; node_lineage=0; node_semantics=8; node_unsupported=0; delta_only_nodes=6; delta_state_nodes=1; affected_recompute_nodes=0; full_recompute_nodes=1","openivm_warning":"","operator":"Join","sql":"SELECT s0.c0 AS c0,s1.c0 AS c1,s1.c1 AS c2 FROM n928 s0 CROSS JOIN n298 s1 WHERE s0.c0=s1.c0","type":"SIMPLE_PROJECTION","type_code":2,"view":"n929"}
VIEW {"openivm_detail":"refresh_type=SIMPLE_PROJECTION; group_cols=0; model_nodes=8; group_recompute_mode=source_delta; scan_occurrences=2; model_domains=0; node_domains=0; lineage_entries=0; node_lineage=0; node_semantics=8; node_unsupported=0; delta_only_nodes=6; delta_state_nodes=1; affected_recompute_nodes=0; full_recompute_nodes=1","openivm_warning":"","operator":"Join","sql":"SELECT s0.c0 AS c0,s0.c1 AS c1,s0.c2 AS c2,s1.c0 AS c3,s1.c1 AS c4 FROM n929 s0 CROSS JOIN n300 s1 WHERE s0.c2=s1.c0","type":"SIMPLE_PROJECTION","type_code":2,"view":"n930"}
BOUNDARY node=931 operator=Str reason=Rust dictionary/string scalar evaluation; bag output tracked by OpenIVM
BOUNDARY node=932 operator=Mint reason=Rust dictionary/string scalar evaluation; bag output tracked by OpenIVM
BOUNDARY node=933 operator=Mint reason=Rust dictionary/string scalar evaluation; bag output tracked by OpenIVM
VIEW {"openivm_detail":"refresh_type=SIMPLE_PROJECTION; group_cols=0; model_nodes=3; group_recompute_mode=source_delta; scan_occurrences=1; model_domains=0; node_domains=0; lineage_entries=0; node_lineage=0; node_semantics=2; node_unsupported=0; delta_only_nodes=2; delta_state_nodes=0; affected_recompute_nodes=0; full_recompute_nodes=1","openivm_warning":"","operator":"Mfp","sql":"SELECT s.c0 AS c0,s.c7 AS c1 FROM n933 s ","type":"SIMPLE_PROJECTION","type_code":2,"view":"n934"}
VIEW {"openivm_detail":"refresh_type=SIMPLE_PROJECTION; group_cols=0; model_nodes=8; group_recompute_mode=source_delta; scan_occurrences=2; model_domains=0; node_domains=0; lineage_entries=0; node_lineage=0; node_semantics=8; node_unsupported=0; delta_only_nodes=7; delta_state_nodes=0; affected_recompute_nodes=0; full_recompute_nodes=1","openivm_warning":"","operator":"Union","sql":"SELECT * FROM n1741 UNION ALL SELECT * FROM n934","type":"SIMPLE_PROJECTION","type_code":2,"view":"n1742"}
VIEW {"openivm_detail":"refresh_type=AGGREGATE_GROUP; group_cols=2; model_nodes=5; group_recompute_mode=source_delta; scan_occurrences=1; model_domains=1; node_domains=0; lineage_entries=0; node_lineage=0; node_semantics=6; node_unsupported=0; delta_only_nodes=3; delta_state_nodes=0; affected_recompute_nodes=1; full_recompute_nodes=1","openivm_warning":"","operator":"Threshold","sql":"SELECT DISTINCT c0,c1 FROM n1742","type":"AGGREGATE_GROUP","type_code":0,"view":"n1743"}
VIEW {"openivm_detail":"refresh_type=SIMPLE_PROJECTION; group_cols=0; model_nodes=3; group_recompute_mode=source_delta; scan_occurrences=1; model_domains=0; node_domains=0; lineage_entries=0; node_lineage=0; node_semantics=2; node_unsupported=0; delta_only_nodes=2; delta_state_nodes=0; affected_recompute_nodes=0; full_recompute_nodes=1","openivm_warning":"","operator":"Get","sql":"SELECT * FROM r203","type":"SIMPLE_PROJECTION","type_code":2,"view":"n1744"}
VIEW {"openivm_detail":"refresh_type=SIMPLE_PROJECTION; group_cols=0; model_nodes=5; group_recompute_mode=source_delta; scan_occurrences=1; model_domains=0; node_domains=0; lineage_entries=0; node_lineage=0; node_semantics=6; node_unsupported=0; delta_only_nodes=4; delta_state_nodes=0; affected_recompute_nodes=0; full_recompute_nodes=1","openivm_warning":"","operator":"Get","sql":"SELECT * FROM r228","type":"SIMPLE_PROJECTION","type_code":2,"view":"n181"}
VIEW {"openivm_detail":"refresh_type=SIMPLE_PROJECTION; group_cols=0; model_nodes=4; group_recompute_mode=source_delta; scan_occurrences=1; model_domains=0; node_domains=0; lineage_entries=0; node_lineage=0; node_semantics=4; node_unsupported=0; delta_only_nodes=3; delta_state_nodes=0; affected_recompute_nodes=0; full_recompute_nodes=1","openivm_warning":"","operator":"Mfp","sql":"SELECT s.c0 AS c0,s.c1 AS c1,s.c2 AS c2,(106346)::BIGINT AS c3,52 AS c4,(65)::BIGINT AS c5,37 AS c6 FROM n181 s ","type":"SIMPLE_PROJECTION","type_code":2,"view":"n246"}
BOUNDARY node=247 operator=Mint reason=Rust dictionary/string scalar evaluation; bag output tracked by OpenIVM
VIEW {"openivm_detail":"refresh_type=SIMPLE_PROJECTION; group_cols=0; model_nodes=3; group_recompute_mode=source_delta; scan_occurrences=1; model_domains=0; node_domains=0; lineage_entries=0; node_lineage=0; node_semantics=2; node_unsupported=0; delta_only_nodes=2; delta_state_nodes=0; affected_recompute_nodes=0; full_recompute_nodes=1","openivm_warning":"","operator":"Mfp","sql":"SELECT s.c0 AS c0,s.c1 AS c1,s.c2 AS c2,s.c3 AS c3,s.c4 AS c4,s.c5 AS c5,s.c6 AS c6,s.c7 AS c7,(6915)::BIGINT AS c8,36 AS c9 FROM n247 s ","type":"SIMPLE_PROJECTION","type_code":2,"view":"n248"}
BOUNDARY node=249 operator=Mint reason=Rust dictionary/string scalar evaluation; bag output tracked by OpenIVM
BOUNDARY node=250 operator=Mint reason=Rust dictionary/string scalar evaluation; bag output tracked by OpenIVM
VIEW {"openivm_detail":"refresh_type=SIMPLE_PROJECTION; group_cols=0; model_nodes=3; group_recompute_mode=source_delta; scan_occurrences=1; model_domains=0; node_domains=0; lineage_entries=0; node_lineage=0; node_semantics=2; node_unsupported=0; delta_only_nodes=2; delta_state_nodes=0; affected_recompute_nodes=0; full_recompute_nodes=1","openivm_warning":"","operator":"Mfp","sql":"SELECT s.c0 AS c0,s.c1 AS c1,s.c2 AS c2,s.c4 AS c3,s.c11 AS c4,(126491)::BIGINT AS c5,48 AS c6 FROM n250 s ","type":"SIMPLE_PROJECTION","type_code":2,"view":"n251"}
BOUNDARY node=252 operator=Join reason=weighted input from an explicit IR recompute boundary
BOUNDARY node=253 operator=Join reason=weighted input from an explicit IR recompute boundary
BOUNDARY node=254 operator=Mfp reason=weighted input from an explicit IR recompute boundary
BOUNDARY node=255 operator=Mint reason=weighted input from an explicit IR recompute boundary
BOUNDARY node=256 operator=Mint reason=weighted input from an explicit IR recompute boundary
BOUNDARY node=257 operator=Mint reason=weighted input from an explicit IR recompute boundary
BOUNDARY node=259 operator=Mfp reason=weighted input from an explicit IR recompute boundary
BOUNDARY node=260 operator=Mint reason=weighted input from an explicit IR recompute boundary
BOUNDARY node=261 operator=Mfp reason=weighted input from an explicit IR recompute boundary
BOUNDARY node=262 operator=Mint reason=weighted input from an explicit IR recompute boundary
BOUNDARY node=263 operator=Mint reason=weighted input from an explicit IR recompute boundary
BOUNDARY node=264 operator=Mfp reason=weighted input from an explicit IR recompute boundary
BOUNDARY node=265 operator=Join reason=weighted input from an explicit IR recompute boundary
BOUNDARY node=266 operator=Join reason=weighted input from an explicit IR recompute boundary
BOUNDARY node=267 operator=Mfp reason=weighted input from an explicit IR recompute boundary
BOUNDARY node=268 operator=Mint reason=weighted input from an explicit IR recompute boundary
BOUNDARY node=269 operator=Mint reason=weighted input from an explicit IR recompute boundary
BOUNDARY node=270 operator=Mint reason=weighted input from an explicit IR recompute boundary
BOUNDARY node=272 operator=Mfp reason=weighted input from an explicit IR recompute boundary
BOUNDARY node=273 operator=Mint reason=weighted input from an explicit IR recompute boundary
BOUNDARY node=274 operator=Mint reason=weighted input from an explicit IR recompute boundary
BOUNDARY node=275 operator=Mfp reason=weighted input from an explicit IR recompute boundary
BOUNDARY node=276 operator=Mint reason=weighted input from an explicit IR recompute boundary
BOUNDARY node=277 operator=Mint reason=weighted input from an explicit IR recompute boundary
BOUNDARY node=278 operator=Mfp reason=weighted input from an explicit IR recompute boundary
BOUNDARY node=279 operator=Mint reason=weighted input from an explicit IR recompute boundary
BOUNDARY node=280 operator=Mfp reason=weighted input from an explicit IR recompute boundary
BOUNDARY node=281 operator=Mint reason=weighted input from an explicit IR recompute boundary
BOUNDARY node=282 operator=Mint reason=weighted input from an explicit IR recompute boundary
BOUNDARY node=283 operator=Mfp reason=weighted input from an explicit IR recompute boundary
BOUNDARY node=284 operator=Join reason=weighted input from an explicit IR recompute boundary
BOUNDARY node=285 operator=Join reason=weighted input from an explicit IR recompute boundary
BOUNDARY node=286 operator=Mfp reason=weighted input from an explicit IR recompute boundary
BOUNDARY node=287 operator=Mint reason=weighted input from an explicit IR recompute boundary
BOUNDARY node=288 operator=Mint reason=weighted input from an explicit IR recompute boundary
BOUNDARY node=289 operator=Mint reason=weighted input from an explicit IR recompute boundary
BOUNDARY node=291 operator=Mfp reason=weighted input from an explicit IR recompute boundary
BOUNDARY node=292 operator=Mint reason=weighted input from an explicit IR recompute boundary
BOUNDARY node=293 operator=Mint reason=weighted input from an explicit IR recompute boundary
BOUNDARY node=294 operator=Mfp reason=weighted input from an explicit IR recompute boundary
BOUNDARY node=295 operator=Mint reason=weighted input from an explicit IR recompute boundary
BOUNDARY node=296 operator=Mint reason=weighted input from an explicit IR recompute boundary
BOUNDARY node=297 operator=Mfp reason=weighted input from an explicit IR recompute boundary
BOUNDARY node=1745 operator=Union reason=weighted input from an explicit IR recompute boundary
BOUNDARY node=1746 operator=Threshold reason=weighted input from an explicit IR recompute boundary
VIEW {"openivm_detail":"refresh_type=SIMPLE_PROJECTION; group_cols=0; model_nodes=3; group_recompute_mode=source_delta; scan_occurrences=1; model_domains=0; node_domains=0; lineage_entries=0; node_lineage=0; node_semantics=2; node_unsupported=0; delta_only_nodes=2; delta_state_nodes=0; affected_recompute_nodes=0; full_recompute_nodes=1","openivm_warning":"","operator":"Get","sql":"SELECT * FROM r205","type":"SIMPLE_PROJECTION","type_code":2,"view":"n1747"}
VIEW {"openivm_detail":"refresh_type=SIMPLE_PROJECTION; group_cols=0; model_nodes=4; group_recompute_mode=source_delta; scan_occurrences=1; model_domains=0; node_domains=0; lineage_entries=0; node_lineage=0; node_semantics=4; node_unsupported=0; delta_only_nodes=3; delta_state_nodes=0; affected_recompute_nodes=0; full_recompute_nodes=1","openivm_warning":"","operator":"Mfp","sql":"SELECT s.c0 AS c0 FROM n181 s ","type":"SIMPLE_PROJECTION","type_code":2,"view":"n182"}
VIEW {"openivm_detail":"refresh_type=SIMPLE_PROJECTION; group_cols=0; model_nodes=8; group_recompute_mode=source_delta; scan_occurrences=2; model_domains=0; node_domains=0; lineage_entries=0; node_lineage=0; node_semantics=8; node_unsupported=0; delta_only_nodes=7; delta_state_nodes=0; affected_recompute_nodes=0; full_recompute_nodes=1","openivm_warning":"","operator":"Union","sql":"SELECT * FROM n1747 UNION ALL SELECT * FROM n182","type":"SIMPLE_PROJECTION","type_code":2,"view":"n1748"}
VIEW {"openivm_detail":"refresh_type=AGGREGATE_GROUP; group_cols=1; model_nodes=5; group_recompute_mode=source_delta; scan_occurrences=1; model_domains=1; node_domains=0; lineage_entries=0; node_lineage=0; node_semantics=6; node_unsupported=0; delta_only_nodes=3; delta_state_nodes=0; affected_recompute_nodes=1; full_recompute_nodes=1","openivm_warning":"","operator":"Threshold","sql":"SELECT DISTINCT c0 FROM n1748","type":"AGGREGATE_GROUP","type_code":0,"view":"n1749"}
VIEW {"openivm_detail":"refresh_type=SIMPLE_PROJECTION; group_cols=0; model_nodes=3; group_recompute_mode=source_delta; scan_occurrences=1; model_domains=0; node_domains=0; lineage_entries=0; node_lineage=0; node_semantics=2; node_unsupported=0; delta_only_nodes=2; delta_state_nodes=0; affected_recompute_nodes=0; full_recompute_nodes=1","openivm_warning":"","operator":"Get","sql":"SELECT * FROM r219","type":"SIMPLE_PROJECTION","type_code":2,"view":"n1750"}
BOUNDARY node=52 operator=Mfp reason=constant-false filter: OpenIVM refresh rejects EMPTY_RESULT: Plan contains single node, this is not supported
BOUNDARY node=53 operator=Mfp reason=constant-false filter: OpenIVM refresh rejects EMPTY_RESULT: Plan contains single node, this is not supported
BOUNDARY node=23 operator=Get reason=LetRec round body
BOUNDARY node=54 operator=Mfp reason=weighted input from an explicit IR recompute boundary
BOUNDARY node=1751 operator=Union reason=weighted input from an explicit IR recompute boundary
BOUNDARY node=1752 operator=Threshold reason=weighted input from an explicit IR recompute boundary
BOUNDARY node=201 operator=Get reason=LetRec round body
BOUNDARY node=202 operator=Mfp reason=LetRec round body
BOUNDARY node=203 operator=Window reason=dictionary scalar lookup; excluded from OpenIVM NUL-sensitive change tracking
BOUNDARY node=1753 operator=Threshold reason=weighted input from an explicit IR recompute boundary
BOUNDARY node=204 operator=Reduce reason=LetRec round body
BOUNDARY node=205 operator=Mfp reason=LetRec round body
BOUNDARY node=206 operator=Get reason=LetRec round body
BOUNDARY node=207 operator=Mfp reason=LetRec round body
BOUNDARY node=208 operator=Get reason=LetRec round body
BOUNDARY node=209 operator=Join reason=LetRec round body
BOUNDARY node=210 operator=Join reason=LetRec round body
BOUNDARY node=211 operator=Join reason=LetRec round body
BOUNDARY node=212 operator=Mfp reason=LetRec round body
BOUNDARY node=213 operator=Join reason=LetRec round body
BOUNDARY node=214 operator=Join reason=LetRec round body
BOUNDARY node=215 operator=Mfp reason=LetRec round body
BOUNDARY node=216 operator=Mint reason=LetRec round body
BOUNDARY node=217 operator=Mint reason=LetRec round body
BOUNDARY node=218 operator=Mfp reason=LetRec round body
BOUNDARY node=219 operator=Mint reason=LetRec round body
BOUNDARY node=220 operator=Mint reason=LetRec round body
BOUNDARY node=24 operator=Mfp reason=LetRec round body
BOUNDARY node=221 operator=Antijoin reason=LetRec round body
BOUNDARY node=222 operator=Mfp reason=LetRec round body
BOUNDARY node=223 operator=Mint reason=LetRec round body
BOUNDARY node=224 operator=Mfp reason=LetRec round body
BOUNDARY node=225 operator=Mint reason=LetRec round body
BOUNDARY node=226 operator=Mint reason=LetRec round body
BOUNDARY node=227 operator=Mfp reason=LetRec round body
BOUNDARY node=228 operator=Join reason=LetRec round body
BOUNDARY node=229 operator=Join reason=LetRec round body
BOUNDARY node=230 operator=Mfp reason=LetRec round body
BOUNDARY node=231 operator=Mint reason=LetRec round body
BOUNDARY node=232 operator=Mint reason=LetRec round body
BOUNDARY node=233 operator=Mint reason=LetRec round body
BOUNDARY node=235 operator=Mfp reason=LetRec round body
BOUNDARY node=236 operator=Join reason=LetRec round body
BOUNDARY node=237 operator=Join reason=LetRec round body
BOUNDARY node=238 operator=Join reason=LetRec round body
BOUNDARY node=239 operator=Mfp reason=LetRec round body
BOUNDARY node=240 operator=Join reason=LetRec round body
BOUNDARY node=241 operator=Join reason=LetRec round body
BOUNDARY node=242 operator=Mfp reason=LetRec round body
BOUNDARY node=243 operator=Union reason=LetRec round body
VIEW {"openivm_detail":"refresh_type=SIMPLE_PROJECTION; group_cols=0; model_nodes=3; group_recompute_mode=source_delta; scan_occurrences=1; model_domains=0; node_domains=0; lineage_entries=0; node_lineage=0; node_semantics=2; node_unsupported=0; delta_only_nodes=2; delta_state_nodes=0; affected_recompute_nodes=0; full_recompute_nodes=1","openivm_warning":"","operator":"Get","sql":"SELECT * FROM r57","type":"SIMPLE_PROJECTION","type_code":2,"view":"n1754"}
VIEW {"openivm_detail":"refresh_type=SIMPLE_PROJECTION; group_cols=0; model_nodes=5; group_recompute_mode=source_delta; scan_occurrences=1; model_domains=0; node_domains=0; lineage_entries=0; node_lineage=0; node_semantics=6; node_unsupported=0; delta_only_nodes=4; delta_state_nodes=0; affected_recompute_nodes=0; full_recompute_nodes=1","openivm_warning":"","operator":"Get","sql":"SELECT * FROM r206","type":"SIMPLE_PROJECTION","type_code":2,"view":"n185"}
VIEW {"openivm_detail":"refresh_type=SEMI_ANTI_RECOMPUTE; group_cols=0; model_nodes=7; group_recompute_mode=source_delta; scan_occurrences=2; model_domains=1; node_domains=1; lineage_entries=0; node_lineage=0; node_semantics=8; node_unsupported=0; delta_only_nodes=5; delta_state_nodes=1; affected_recompute_nodes=0; full_recompute_nodes=1","openivm_warning":"","operator":"Antijoin","sql":"SELECT l.c0,l.c1 FROM n184 l ANTI JOIN n185 r ON l.c0=r.c0","type":"SEMI_ANTI_RECOMPUTE","type_code":9,"view":"n186"}
VIEW {"openivm_detail":"refresh_type=SIMPLE_PROJECTION; group_cols=0; model_nodes=4; group_recompute_mode=source_delta; scan_occurrences=1; model_domains=0; node_domains=0; lineage_entries=0; node_lineage=0; node_semantics=4; node_unsupported=0; delta_only_nodes=3; delta_state_nodes=0; affected_recompute_nodes=0; full_recompute_nodes=1","openivm_warning":"","operator":"Mfp","sql":"SELECT s.c0 AS c0,(106344)::BIGINT AS c1,35 AS c2,(65)::BIGINT AS c3,37 AS c4 FROM n186 s ","type":"SIMPLE_PROJECTION","type_code":2,"view":"n187"}
BOUNDARY node=188 operator=Mint reason=Rust dictionary/string scalar evaluation; bag output tracked by OpenIVM
VIEW {"openivm_detail":"refresh_type=SIMPLE_PROJECTION; group_cols=0; model_nodes=3; group_recompute_mode=source_delta; scan_occurrences=1; model_domains=0; node_domains=0; lineage_entries=0; node_lineage=0; node_semantics=2; node_unsupported=0; delta_only_nodes=2; delta_state_nodes=0; affected_recompute_nodes=0; full_recompute_nodes=1","openivm_warning":"","operator":"Mfp","sql":"SELECT s.c0 AS c0,s.c1 AS c1,s.c2 AS c2,s.c3 AS c3,s.c4 AS c4,s.c5 AS c5,(6915)::BIGINT AS c6,36 AS c7 FROM n188 s ","type":"SIMPLE_PROJECTION","type_code":2,"view":"n189"}
BOUNDARY node=190 operator=Mint reason=Rust dictionary/string scalar evaluation; bag output tracked by OpenIVM
BOUNDARY node=191 operator=Mint reason=Rust dictionary/string scalar evaluation; bag output tracked by OpenIVM
VIEW {"openivm_detail":"refresh_type=SIMPLE_PROJECTION; group_cols=0; model_nodes=3; group_recompute_mode=source_delta; scan_occurrences=1; model_domains=0; node_domains=0; lineage_entries=0; node_lineage=0; node_semantics=2; node_unsupported=0; delta_only_nodes=2; delta_state_nodes=0; affected_recompute_nodes=0; full_recompute_nodes=1","openivm_warning":"","operator":"Mfp","sql":"SELECT s.c0 AS c0,s.c2 AS c1,s.c9 AS c2,(126491)::BIGINT AS c3,48 AS c4 FROM n191 s ","type":"SIMPLE_PROJECTION","type_code":2,"view":"n192"}
BOUNDARY node=193 operator=Join reason=weighted input from an explicit IR recompute boundary
BOUNDARY node=194 operator=Join reason=weighted input from an explicit IR recompute boundary
BOUNDARY node=195 operator=Mfp reason=weighted input from an explicit IR recompute boundary
BOUNDARY node=196 operator=Mint reason=weighted input from an explicit IR recompute boundary
BOUNDARY node=197 operator=Mint reason=weighted input from an explicit IR recompute boundary
BOUNDARY node=198 operator=Mint reason=weighted input from an explicit IR recompute boundary
BOUNDARY node=200 operator=Mfp reason=weighted input from an explicit IR recompute boundary
BOUNDARY node=244 operator=Reduce reason=weighted input from an explicit IR recompute boundary
BOUNDARY node=245 operator=Join reason=weighted input from an explicit IR recompute boundary
BOUNDARY node=1755 operator=Union reason=weighted input from an explicit IR recompute boundary
BOUNDARY node=1756 operator=Threshold reason=weighted input from an explicit IR recompute boundary
VIEW {"openivm_detail":"refresh_type=SIMPLE_PROJECTION; group_cols=0; model_nodes=3; group_recompute_mode=source_delta; scan_occurrences=1; model_domains=0; node_domains=0; lineage_entries=0; node_lineage=0; node_semantics=2; node_unsupported=0; delta_only_nodes=2; delta_state_nodes=0; affected_recompute_nodes=0; full_recompute_nodes=1","openivm_warning":"","operator":"Get","sql":"SELECT * FROM r67","type":"SIMPLE_PROJECTION","type_code":2,"view":"n1757"}
BOUNDARY node=1346 operator=Mfp reason=LetRec round body
BOUNDARY node=1347 operator=Mfp reason=weighted input from an explicit IR recompute boundary
BOUNDARY node=1348 operator=Join reason=weighted input from an explicit IR recompute boundary
BOUNDARY node=1349 operator=Join reason=weighted input from an explicit IR recompute boundary
BOUNDARY node=1350 operator=Mfp reason=weighted input from an explicit IR recompute boundary
BOUNDARY node=1351 operator=Join reason=weighted input from an explicit IR recompute boundary
BOUNDARY node=1352 operator=Join reason=weighted input from an explicit IR recompute boundary
BOUNDARY node=1353 operator=Mfp reason=weighted input from an explicit IR recompute boundary
BOUNDARY node=1354 operator=Join reason=weighted input from an explicit IR recompute boundary
BOUNDARY node=1291 operator=Get reason=weighted input from an explicit IR recompute boundary
BOUNDARY node=1355 operator=Join reason=weighted input from an explicit IR recompute boundary
BOUNDARY node=1758 operator=Union reason=weighted input from an explicit IR recompute boundary
BOUNDARY node=1759 operator=Threshold reason=weighted input from an explicit IR recompute boundary
VIEW {"openivm_detail":"refresh_type=SIMPLE_PROJECTION; group_cols=0; model_nodes=3; group_recompute_mode=source_delta; scan_occurrences=1; model_domains=0; node_domains=0; lineage_entries=0; node_lineage=0; node_semantics=2; node_unsupported=0; delta_only_nodes=2; delta_state_nodes=0; affected_recompute_nodes=0; full_recompute_nodes=1","openivm_warning":"","operator":"Get","sql":"SELECT * FROM r77","type":"SIMPLE_PROJECTION","type_code":2,"view":"n1760"}
BOUNDARY node=1300 operator=Get reason=weighted input from an explicit IR recompute boundary
BOUNDARY node=1308 operator=Antijoin reason=weighted input from an explicit IR recompute boundary
BOUNDARY node=1309 operator=Mfp reason=weighted input from an explicit IR recompute boundary
BOUNDARY node=1301 operator=Join reason=weighted input from an explicit IR recompute boundary
BOUNDARY node=1310 operator=Mfp reason=weighted input from an explicit IR recompute boundary
BOUNDARY node=1761 operator=Union reason=weighted input from an explicit IR recompute boundary
BOUNDARY node=1762 operator=Threshold reason=weighted input from an explicit IR recompute boundary
VIEW {"openivm_detail":"refresh_type=SIMPLE_PROJECTION; group_cols=0; model_nodes=3; group_recompute_mode=source_delta; scan_occurrences=1; model_domains=0; node_domains=0; lineage_entries=0; node_lineage=0; node_semantics=2; node_unsupported=0; delta_only_nodes=2; delta_state_nodes=0; affected_recompute_nodes=0; full_recompute_nodes=1","openivm_warning":"","operator":"Get","sql":"SELECT * FROM r79","type":"SIMPLE_PROJECTION","type_code":2,"view":"n1763"}
BOUNDARY node=1302 operator=Mfp reason=weighted input from an explicit IR recompute boundary
BOUNDARY node=1303 operator=Join reason=weighted input from an explicit IR recompute boundary
BOUNDARY node=1304 operator=Join reason=weighted input from an explicit IR recompute boundary
BOUNDARY node=1305 operator=Mfp reason=weighted input from an explicit IR recompute boundary
BOUNDARY node=1306 operator=Join reason=weighted input from an explicit IR recompute boundary
BOUNDARY node=1307 operator=Mfp reason=weighted input from an explicit IR recompute boundary
BOUNDARY node=1764 operator=Union reason=weighted input from an explicit IR recompute boundary
BOUNDARY node=1765 operator=Threshold reason=weighted input from an explicit IR recompute boundary
VIEW {"openivm_detail":"refresh_type=SIMPLE_PROJECTION; group_cols=0; model_nodes=3; group_recompute_mode=source_delta; scan_occurrences=1; model_domains=0; node_domains=0; lineage_entries=0; node_lineage=0; node_semantics=2; node_unsupported=0; delta_only_nodes=2; delta_state_nodes=0; affected_recompute_nodes=0; full_recompute_nodes=1","openivm_warning":"","operator":"Get","sql":"SELECT * FROM r85","type":"SIMPLE_PROJECTION","type_code":2,"view":"n1766"}
BOUNDARY node=1275 operator=Mfp reason=LetRec round body
BOUNDARY node=1276 operator=Mfp reason=weighted input from an explicit IR recompute boundary
BOUNDARY node=1277 operator=Join reason=weighted input from an explicit IR recompute boundary
BOUNDARY node=1278 operator=Join reason=weighted input from an explicit IR recompute boundary
BOUNDARY node=1279 operator=Mfp reason=weighted input from an explicit IR recompute boundary
BOUNDARY node=1280 operator=Join reason=weighted input from an explicit IR recompute boundary
BOUNDARY node=1281 operator=Join reason=weighted input from an explicit IR recompute boundary
BOUNDARY node=1282 operator=Mfp reason=weighted input from an explicit IR recompute boundary
BOUNDARY node=1283 operator=Join reason=weighted input from an explicit IR recompute boundary
BOUNDARY node=1290 operator=Mfp reason=weighted input from an explicit IR recompute boundary
BOUNDARY node=1292 operator=Join reason=weighted input from an explicit IR recompute boundary
BOUNDARY node=1767 operator=Union reason=weighted input from an explicit IR recompute boundary
BOUNDARY node=1768 operator=Threshold reason=weighted input from an explicit IR recompute boundary
VIEW {"openivm_detail":"refresh_type=SIMPLE_PROJECTION; group_cols=0; model_nodes=3; group_recompute_mode=source_delta; scan_occurrences=1; model_domains=0; node_domains=0; lineage_entries=0; node_lineage=0; node_semantics=2; node_unsupported=0; delta_only_nodes=2; delta_state_nodes=0; affected_recompute_nodes=0; full_recompute_nodes=1","openivm_warning":"","operator":"Get","sql":"SELECT * FROM r123","type":"SIMPLE_PROJECTION","type_code":2,"view":"n1769"}
BOUNDARY node=1089 operator=Get reason=weighted input from an explicit IR recompute boundary
BOUNDARY node=1090 operator=Mfp reason=weighted input from an explicit IR recompute boundary
BOUNDARY node=1096 operator=Join reason=weighted input from an explicit IR recompute boundary
BOUNDARY node=1097 operator=Mfp reason=weighted input from an explicit IR recompute boundary
BOUNDARY node=1105 operator=Mfp reason=weighted input from an explicit IR recompute boundary
BOUNDARY node=1770 operator=Union reason=weighted input from an explicit IR recompute boundary
BOUNDARY node=1771 operator=Threshold reason=weighted input from an explicit IR recompute boundary
VIEW {"openivm_detail":"refresh_type=SIMPLE_PROJECTION; group_cols=0; model_nodes=3; group_recompute_mode=source_delta; scan_occurrences=1; model_domains=0; node_domains=0; lineage_entries=0; node_lineage=0; node_semantics=2; node_unsupported=0; delta_only_nodes=2; delta_state_nodes=0; affected_recompute_nodes=0; full_recompute_nodes=1","openivm_warning":"","operator":"Get","sql":"SELECT * FROM r125","type":"SIMPLE_PROJECTION","type_code":2,"view":"n1772"}
BOUNDARY node=1102 operator=Mfp reason=weighted input from an explicit IR recompute boundary
BOUNDARY node=1104 operator=Join reason=weighted input from an explicit IR recompute boundary
BOUNDARY node=1773 operator=Union reason=weighted input from an explicit IR recompute boundary
BOUNDARY node=1774 operator=Threshold reason=weighted input from an explicit IR recompute boundary
VIEW {"openivm_detail":"refresh_type=SIMPLE_PROJECTION; group_cols=0; model_nodes=3; group_recompute_mode=source_delta; scan_occurrences=1; model_domains=0; node_domains=0; lineage_entries=0; node_lineage=0; node_semantics=2; node_unsupported=0; delta_only_nodes=2; delta_state_nodes=0; affected_recompute_nodes=0; full_recompute_nodes=1","openivm_warning":"","operator":"Get","sql":"SELECT * FROM r159","type":"SIMPLE_PROJECTION","type_code":2,"view":"n1775"}
VIEW {"openivm_detail":"refresh_type=SIMPLE_PROJECTION; group_cols=0; model_nodes=5; group_recompute_mode=source_delta; scan_occurrences=1; model_domains=0; node_domains=0; lineage_entries=0; node_lineage=0; node_semantics=6; node_unsupported=0; delta_only_nodes=4; delta_state_nodes=0; affected_recompute_nodes=0; full_recompute_nodes=1","openivm_warning":"","operator":"Get","sql":"SELECT * FROM r144","type":"SIMPLE_PROJECTION","type_code":2,"view":"n935"}
VIEW {"openivm_detail":"refresh_type=SIMPLE_PROJECTION; group_cols=0; model_nodes=4; group_recompute_mode=source_delta; scan_occurrences=1; model_domains=0; node_domains=0; lineage_entries=0; node_lineage=0; node_semantics=4; node_unsupported=0; delta_only_nodes=3; delta_state_nodes=0; affected_recompute_nodes=0; full_recompute_nodes=1","openivm_warning":"","operator":"Mfp","sql":"SELECT s.c2 AS c0,s.c0 AS c1 FROM n935 s ","type":"SIMPLE_PROJECTION","type_code":2,"view":"n1004"}
VIEW {"openivm_detail":"refresh_type=SIMPLE_PROJECTION; group_cols=0; model_nodes=5; group_recompute_mode=source_delta; scan_occurrences=1; model_domains=0; node_domains=0; lineage_entries=0; node_lineage=0; node_semantics=6; node_unsupported=0; delta_only_nodes=4; delta_state_nodes=0; affected_recompute_nodes=0; full_recompute_nodes=1","openivm_warning":"","operator":"Get","sql":"SELECT * FROM r192","type":"SIMPLE_PROJECTION","type_code":2,"view":"n938"}
VIEW {"openivm_detail":"refresh_type=SIMPLE_PROJECTION; group_cols=0; model_nodes=5; group_recompute_mode=source_delta; scan_occurrences=1; model_domains=0; node_domains=0; lineage_entries=0; node_lineage=0; node_semantics=6; node_unsupported=0; delta_only_nodes=4; delta_state_nodes=0; affected_recompute_nodes=0; full_recompute_nodes=1","openivm_warning":"","operator":"Get","sql":"SELECT * FROM r190","type":"SIMPLE_PROJECTION","type_code":2,"view":"n939"}
VIEW {"openivm_detail":"refresh_type=SEMI_ANTI_RECOMPUTE; group_cols=0; model_nodes=7; group_recompute_mode=source_delta; scan_occurrences=2; model_domains=1; node_domains=1; lineage_entries=0; node_lineage=0; node_semantics=8; node_unsupported=0; delta_only_nodes=5; delta_state_nodes=1; affected_recompute_nodes=0; full_recompute_nodes=1","openivm_warning":"","operator":"Antijoin","sql":"SELECT l.c0,l.c1,l.c2,l.c3 FROM n938 l ANTI JOIN n939 r ON l.c3=r.c0","type":"SEMI_ANTI_RECOMPUTE","type_code":9,"view":"n940"}
VIEW {"openivm_detail":"refresh_type=SIMPLE_PROJECTION; group_cols=0; model_nodes=4; group_recompute_mode=source_delta; scan_occurrences=1; model_domains=0; node_domains=0; lineage_entries=0; node_lineage=0; node_semantics=4; node_unsupported=0; delta_only_nodes=3; delta_state_nodes=0; affected_recompute_nodes=0; full_recompute_nodes=1","openivm_warning":"","operator":"Mfp","sql":"SELECT s.c2 AS c0,s.c3 AS c1 FROM n940 s ","type":"SIMPLE_PROJECTION","type_code":2,"view":"n1005"}
VIEW {"openivm_detail":"refresh_type=SIMPLE_PROJECTION; group_cols=0; model_nodes=5; group_recompute_mode=source_delta; scan_occurrences=1; model_domains=0; node_domains=0; lineage_entries=0; node_lineage=0; node_semantics=6; node_unsupported=0; delta_only_nodes=4; delta_state_nodes=0; affected_recompute_nodes=0; full_recompute_nodes=1","openivm_warning":"","operator":"Get","sql":"SELECT * FROM r164","type":"SIMPLE_PROJECTION","type_code":2,"view":"n945"}
BOUNDARY node=948 operator=Join reason=weighted input from an explicit IR recompute boundary
BOUNDARY node=1006 operator=Mfp reason=weighted input from an explicit IR recompute boundary
BOUNDARY node=1008 operator=Mfp reason=LetRec round body
BOUNDARY node=1009 operator=Mfp reason=weighted input from an explicit IR recompute boundary
BOUNDARY node=1010 operator=Join reason=weighted input from an explicit IR recompute boundary
BOUNDARY node=1011 operator=Join reason=weighted input from an explicit IR recompute boundary
BOUNDARY node=1012 operator=Mfp reason=weighted input from an explicit IR recompute boundary
BOUNDARY node=1013 operator=Join reason=weighted input from an explicit IR recompute boundary
BOUNDARY node=1014 operator=Join reason=weighted input from an explicit IR recompute boundary
BOUNDARY node=1015 operator=Mfp reason=weighted input from an explicit IR recompute boundary
BOUNDARY node=1016 operator=Join reason=weighted input from an explicit IR recompute boundary
BOUNDARY node=1017 operator=Mfp reason=weighted input from an explicit IR recompute boundary
BOUNDARY node=1776 operator=Union reason=weighted input from an explicit IR recompute boundary
BOUNDARY node=1777 operator=Threshold reason=weighted input from an explicit IR recompute boundary
VIEW {"openivm_detail":"refresh_type=SIMPLE_PROJECTION; group_cols=0; model_nodes=3; group_recompute_mode=source_delta; scan_occurrences=1; model_domains=0; node_domains=0; lineage_entries=0; node_lineage=0; node_semantics=2; node_unsupported=0; delta_only_nodes=2; delta_state_nodes=0; affected_recompute_nodes=0; full_recompute_nodes=1","openivm_warning":"","operator":"Get","sql":"SELECT * FROM r199","type":"SIMPLE_PROJECTION","type_code":2,"view":"n1778"}
VIEW {"openivm_detail":"refresh_type=SIMPLE_PROJECTION; group_cols=0; model_nodes=5; group_recompute_mode=source_delta; scan_occurrences=1; model_domains=0; node_domains=0; lineage_entries=0; node_lineage=0; node_semantics=6; node_unsupported=0; delta_only_nodes=4; delta_state_nodes=0; affected_recompute_nodes=0; full_recompute_nodes=1","openivm_warning":"","operator":"Get","sql":"SELECT * FROM r198","type":"SIMPLE_PROJECTION","type_code":2,"view":"n423"}
VIEW {"openivm_detail":"refresh_type=SIMPLE_PROJECTION; group_cols=0; model_nodes=4; group_recompute_mode=source_delta; scan_occurrences=1; model_domains=0; node_domains=0; lineage_entries=0; node_lineage=0; node_semantics=4; node_unsupported=0; delta_only_nodes=3; delta_state_nodes=0; affected_recompute_nodes=0; full_recompute_nodes=1","openivm_warning":"","operator":"Mfp","sql":"SELECT s.c1 AS c0 FROM n423 s ","type":"SIMPLE_PROJECTION","type_code":2,"view":"n499"}
BOUNDARY node=500 operator=Reduce reason=dictionary scalar lookup; excluded from OpenIVM NUL-sensitive change tracking
BOUNDARY node=501 operator=Mfp reason=weighted input from an explicit IR recompute boundary
BOUNDARY node=1779 operator=Union reason=weighted input from an explicit IR recompute boundary
BOUNDARY node=1780 operator=Threshold reason=weighted input from an explicit IR recompute boundary
VIEW {"openivm_detail":"refresh_type=SIMPLE_PROJECTION; group_cols=0; model_nodes=3; group_recompute_mode=source_delta; scan_occurrences=1; model_domains=0; node_domains=0; lineage_entries=0; node_lineage=0; node_semantics=2; node_unsupported=0; delta_only_nodes=2; delta_state_nodes=0; affected_recompute_nodes=0; full_recompute_nodes=1","openivm_warning":"","operator":"Get","sql":"SELECT * FROM r201","type":"SIMPLE_PROJECTION","type_code":2,"view":"n1781"}
VIEW {"openivm_detail":"refresh_type=SIMPLE_PROJECTION; group_cols=0; model_nodes=5; group_recompute_mode=source_delta; scan_occurrences=1; model_domains=0; node_domains=0; lineage_entries=0; node_lineage=0; node_semantics=6; node_unsupported=0; delta_only_nodes=4; delta_state_nodes=0; affected_recompute_nodes=0; full_recompute_nodes=1","openivm_warning":"","operator":"Get","sql":"SELECT * FROM r226","type":"SIMPLE_PROJECTION","type_code":2,"view":"n416"}
VIEW {"openivm_detail":"refresh_type=SIMPLE_PROJECTION; group_cols=0; model_nodes=4; group_recompute_mode=source_delta; scan_occurrences=1; model_domains=0; node_domains=0; lineage_entries=0; node_lineage=0; node_semantics=4; node_unsupported=0; delta_only_nodes=3; delta_state_nodes=0; affected_recompute_nodes=0; full_recompute_nodes=1","openivm_warning":"","operator":"Mfp","sql":"SELECT s.c0 AS c0,s.c1 AS c1,s.c2 AS c2,(99408)::BIGINT AS c3,54 AS c4 FROM n416 s ","type":"SIMPLE_PROJECTION","type_code":2,"view":"n417"}
VIEW {"openivm_detail":"refresh_type=SIMPLE_PROJECTION; group_cols=0; model_nodes=8; group_recompute_mode=source_delta; scan_occurrences=2; model_domains=0; node_domains=0; lineage_entries=0; node_lineage=0; node_semantics=8; node_unsupported=0; delta_only_nodes=6; delta_state_nodes=1; affected_recompute_nodes=0; full_recompute_nodes=1","openivm_warning":"","operator":"Join","sql":"SELECT s0.c0 AS c0,s0.c1 AS c1,s0.c2 AS c2,s0.c3 AS c3,s0.c4 AS c4,s1.c0 AS c5,s1.c1 AS c6 FROM n417 s0 CROSS JOIN n298 s1 WHERE s0.c1=s1.c0","type":"SIMPLE_PROJECTION","type_code":2,"view":"n418"}
VIEW {"openivm_detail":"refresh_type=SIMPLE_PROJECTION; group_cols=0; model_nodes=8; group_recompute_mode=source_delta; scan_occurrences=2; model_domains=0; node_domains=0; lineage_entries=0; node_lineage=0; node_semantics=8; node_unsupported=0; delta_only_nodes=6; delta_state_nodes=1; affected_recompute_nodes=0; full_recompute_nodes=1","openivm_warning":"","operator":"Join","sql":"SELECT s0.c0 AS c0,s0.c1 AS c1,s0.c2 AS c2,s0.c3 AS c3,s0.c4 AS c4,s0.c5 AS c5,s0.c6 AS c6,s1.c0 AS c7,s1.c1 AS c8 FROM n418 s0 CROSS JOIN n298 s1 WHERE s0.c4=s1.c0","type":"SIMPLE_PROJECTION","type_code":2,"view":"n419"}
VIEW {"openivm_detail":"refresh_type=SIMPLE_PROJECTION; group_cols=0; model_nodes=8; group_recompute_mode=source_delta; scan_occurrences=2; model_domains=0; node_domains=0; lineage_entries=0; node_lineage=0; node_semantics=8; node_unsupported=0; delta_only_nodes=6; delta_state_nodes=1; affected_recompute_nodes=0; full_recompute_nodes=1","openivm_warning":"","operator":"Join","sql":"SELECT s0.c0 AS c0,s0.c1 AS c1,s0.c2 AS c2,s0.c3 AS c3,s0.c4 AS c4,s0.c5 AS c5,s0.c6 AS c6,s0.c7 AS c7,s0.c8 AS c8,s1.c0 AS c9,s1.c1 AS c10 FROM n419 s0 CROSS JOIN n308 s1 WHERE s0.c6=s1.c0","type":"SIMPLE_PROJECTION","type_code":2,"view":"n420"}
VIEW {"openivm_detail":"refresh_type=SIMPLE_PROJECTION; group_cols=0; model_nodes=8; group_recompute_mode=source_delta; scan_occurrences=2; model_domains=0; node_domains=0; lineage_entries=0; node_lineage=0; node_semantics=8; node_unsupported=0; delta_only_nodes=6; delta_state_nodes=1; affected_recompute_nodes=0; full_recompute_nodes=1","openivm_warning":"","operator":"Join","sql":"SELECT s0.c0 AS c0,s0.c1 AS c1,s0.c2 AS c2,s0.c3 AS c3,s0.c4 AS c4,s0.c5 AS c5,s0.c6 AS c6,s0.c7 AS c7,s0.c8 AS c8,s0.c9 AS c9,s0.c10 AS c10,s1.c0 AS c11,s1.c1 AS c12 FROM n420 s0 CROSS JOIN n308 s1 WHERE s0.c8=s1.c0","type":"SIMPLE_PROJECTION","type_code":2,"view":"n421"}
VIEW {"openivm_detail":"refresh_type=SIMPLE_PROJECTION; group_cols=0; model_nodes=5; group_recompute_mode=source_delta; scan_occurrences=1; model_domains=0; node_domains=0; lineage_entries=0; node_lineage=0; node_semantics=4; node_unsupported=0; delta_only_nodes=4; delta_state_nodes=0; affected_recompute_nodes=0; full_recompute_nodes=1","openivm_warning":"","operator":"Mfp","sql":"SELECT s.c0 AS c0,s.c1 AS c1,s.c2 AS c2 FROM n421 s WHERE (((s.c10) <> (s.c12))::BIGINT)<>0","type":"SIMPLE_PROJECTION","type_code":2,"view":"n422"}
VIEW {"openivm_detail":"refresh_type=SIMPLE_PROJECTION; group_cols=0; model_nodes=8; group_recompute_mode=source_delta; scan_occurrences=2; model_domains=0; node_domains=0; lineage_entries=0; node_lineage=0; node_semantics=8; node_unsupported=0; delta_only_nodes=6; delta_state_nodes=1; affected_recompute_nodes=0; full_recompute_nodes=1","openivm_warning":"","operator":"Join","sql":"SELECT s0.c0 AS c0,s0.c1 AS c1,s1.c1 AS c2 FROM n422 s0 CROSS JOIN n423 s1 WHERE s0.c2=s1.c0","type":"SIMPLE_PROJECTION","type_code":2,"view":"n424"}
VIEW {"openivm_detail":"refresh_type=SIMPLE_PROJECTION; group_cols=0; model_nodes=4; group_recompute_mode=source_delta; scan_occurrences=1; model_domains=0; node_domains=0; lineage_entries=0; node_lineage=0; node_semantics=4; node_unsupported=0; delta_only_nodes=3; delta_state_nodes=0; affected_recompute_nodes=0; full_recompute_nodes=1","openivm_warning":"","operator":"Mfp","sql":"SELECT s.c0 AS c0,s.c1 AS c1,s.c2 AS c2,(106343)::BIGINT AS c3,58 AS c4,(65)::BIGINT AS c5,37 AS c6 FROM n424 s ","type":"SIMPLE_PROJECTION","type_code":2,"view":"n425"}
BOUNDARY node=426 operator=Mint reason=Rust dictionary/string scalar evaluation; bag output tracked by OpenIVM
VIEW {"openivm_detail":"refresh_type=SIMPLE_PROJECTION; group_cols=0; model_nodes=3; group_recompute_mode=source_delta; scan_occurrences=1; model_domains=0; node_domains=0; lineage_entries=0; node_lineage=0; node_semantics=2; node_unsupported=0; delta_only_nodes=2; delta_state_nodes=0; affected_recompute_nodes=0; full_recompute_nodes=1","openivm_warning":"","operator":"Mfp","sql":"SELECT s.c0 AS c0,s.c1 AS c1,s.c2 AS c2,s.c3 AS c3,s.c4 AS c4,s.c5 AS c5,s.c6 AS c6,s.c7 AS c7,(6915)::BIGINT AS c8,36 AS c9 FROM n426 s ","type":"SIMPLE_PROJECTION","type_code":2,"view":"n427"}
BOUNDARY node=428 operator=Mint reason=Rust dictionary/string scalar evaluation; bag output tracked by OpenIVM
BOUNDARY node=429 operator=Mint reason=Rust dictionary/string scalar evaluation; bag output tracked by OpenIVM
VIEW {"openivm_detail":"refresh_type=SIMPLE_PROJECTION; group_cols=0; model_nodes=3; group_recompute_mode=source_delta; scan_occurrences=1; model_domains=0; node_domains=0; lineage_entries=0; node_lineage=0; node_semantics=2; node_unsupported=0; delta_only_nodes=2; delta_state_nodes=0; affected_recompute_nodes=0; full_recompute_nodes=1","openivm_warning":"","operator":"Mfp","sql":"SELECT s.c0 AS c0,s.c1 AS c1,s.c2 AS c2,s.c4 AS c3,s.c11 AS c4,(126491)::BIGINT AS c5,48 AS c6 FROM n429 s ","type":"SIMPLE_PROJECTION","type_code":2,"view":"n430"}
BOUNDARY node=431 operator=Join reason=weighted input from an explicit IR recompute boundary
BOUNDARY node=432 operator=Join reason=weighted input from an explicit IR recompute boundary
BOUNDARY node=433 operator=Mfp reason=weighted input from an explicit IR recompute boundary
BOUNDARY node=434 operator=Mint reason=weighted input from an explicit IR recompute boundary
BOUNDARY node=435 operator=Mint reason=weighted input from an explicit IR recompute boundary
BOUNDARY node=436 operator=Mint reason=weighted input from an explicit IR recompute boundary
BOUNDARY node=438 operator=Mfp reason=weighted input from an explicit IR recompute boundary
BOUNDARY node=439 operator=Mint reason=weighted input from an explicit IR recompute boundary
BOUNDARY node=440 operator=Mfp reason=weighted input from an explicit IR recompute boundary
BOUNDARY node=441 operator=Mint reason=weighted input from an explicit IR recompute boundary
BOUNDARY node=442 operator=Mint reason=weighted input from an explicit IR recompute boundary
BOUNDARY node=443 operator=Mfp reason=weighted input from an explicit IR recompute boundary
BOUNDARY node=444 operator=Join reason=weighted input from an explicit IR recompute boundary
BOUNDARY node=445 operator=Join reason=weighted input from an explicit IR recompute boundary
BOUNDARY node=446 operator=Mfp reason=weighted input from an explicit IR recompute boundary
BOUNDARY node=447 operator=Mint reason=weighted input from an explicit IR recompute boundary
BOUNDARY node=448 operator=Mint reason=weighted input from an explicit IR recompute boundary
BOUNDARY node=449 operator=Mint reason=weighted input from an explicit IR recompute boundary
BOUNDARY node=451 operator=Mfp reason=weighted input from an explicit IR recompute boundary
BOUNDARY node=452 operator=Mint reason=weighted input from an explicit IR recompute boundary
BOUNDARY node=453 operator=Mint reason=weighted input from an explicit IR recompute boundary
BOUNDARY node=454 operator=Mfp reason=weighted input from an explicit IR recompute boundary
BOUNDARY node=455 operator=Mint reason=weighted input from an explicit IR recompute boundary
BOUNDARY node=456 operator=Mint reason=weighted input from an explicit IR recompute boundary
BOUNDARY node=457 operator=Mfp reason=weighted input from an explicit IR recompute boundary
BOUNDARY node=458 operator=Mint reason=weighted input from an explicit IR recompute boundary
BOUNDARY node=459 operator=Mfp reason=weighted input from an explicit IR recompute boundary
BOUNDARY node=460 operator=Mint reason=weighted input from an explicit IR recompute boundary
BOUNDARY node=461 operator=Mint reason=weighted input from an explicit IR recompute boundary
BOUNDARY node=462 operator=Mfp reason=weighted input from an explicit IR recompute boundary
BOUNDARY node=463 operator=Join reason=weighted input from an explicit IR recompute boundary
BOUNDARY node=464 operator=Join reason=weighted input from an explicit IR recompute boundary
BOUNDARY node=465 operator=Mfp reason=weighted input from an explicit IR recompute boundary
BOUNDARY node=466 operator=Mint reason=weighted input from an explicit IR recompute boundary
BOUNDARY node=467 operator=Mint reason=weighted input from an explicit IR recompute boundary
BOUNDARY node=468 operator=Mint reason=weighted input from an explicit IR recompute boundary
BOUNDARY node=470 operator=Mfp reason=weighted input from an explicit IR recompute boundary
BOUNDARY node=471 operator=Mint reason=weighted input from an explicit IR recompute boundary
BOUNDARY node=472 operator=Mint reason=weighted input from an explicit IR recompute boundary
BOUNDARY node=473 operator=Mfp reason=weighted input from an explicit IR recompute boundary
BOUNDARY node=474 operator=Mint reason=weighted input from an explicit IR recompute boundary
BOUNDARY node=475 operator=Mint reason=weighted input from an explicit IR recompute boundary
BOUNDARY node=476 operator=Mfp reason=weighted input from an explicit IR recompute boundary
VIEW {"openivm_detail":"refresh_type=SIMPLE_PROJECTION; group_cols=0; model_nodes=5; group_recompute_mode=source_delta; scan_occurrences=1; model_domains=0; node_domains=0; lineage_entries=0; node_lineage=0; node_semantics=4; node_unsupported=0; delta_only_nodes=4; delta_state_nodes=0; affected_recompute_nodes=0; full_recompute_nodes=1","openivm_warning":"","operator":"Mfp","sql":"SELECT s.c0 AS c0,s.c2 AS c1 FROM n416 s WHERE (((s.c1) = (54))::BIGINT)<>0","type":"SIMPLE_PROJECTION","type_code":2,"view":"n477"}
VIEW {"openivm_detail":"refresh_type=SIMPLE_PROJECTION; group_cols=0; model_nodes=8; group_recompute_mode=source_delta; scan_occurrences=2; model_domains=0; node_domains=0; lineage_entries=0; node_lineage=0; node_semantics=8; node_unsupported=0; delta_only_nodes=6; delta_state_nodes=1; affected_recompute_nodes=0; full_recompute_nodes=1","openivm_warning":"","operator":"Join","sql":"SELECT s0.c0 AS c0,s1.c1 AS c1 FROM n477 s0 CROSS JOIN n423 s1 WHERE s0.c1=s1.c0","type":"SIMPLE_PROJECTION","type_code":2,"view":"n478"}
VIEW {"openivm_detail":"refresh_type=SIMPLE_PROJECTION; group_cols=0; model_nodes=4; group_recompute_mode=source_delta; scan_occurrences=1; model_domains=0; node_domains=0; lineage_entries=0; node_lineage=0; node_semantics=4; node_unsupported=0; delta_only_nodes=3; delta_state_nodes=0; affected_recompute_nodes=0; full_recompute_nodes=1","openivm_warning":"","operator":"Mfp","sql":"SELECT s.c0 AS c0,s.c1 AS c1,(65)::BIGINT AS c2,37 AS c3 FROM n478 s ","type":"SIMPLE_PROJECTION","type_code":2,"view":"n479"}
BOUNDARY node=480 operator=Mint reason=Rust dictionary/string scalar evaluation; bag output tracked by OpenIVM
VIEW {"openivm_detail":"refresh_type=SIMPLE_PROJECTION; group_cols=0; model_nodes=3; group_recompute_mode=source_delta; scan_occurrences=1; model_domains=0; node_domains=0; lineage_entries=0; node_lineage=0; node_semantics=2; node_unsupported=0; delta_only_nodes=2; delta_state_nodes=0; affected_recompute_nodes=0; full_recompute_nodes=1","openivm_warning":"","operator":"Mfp","sql":"SELECT s.c0 AS c0,s.c1 AS c1,s.c2 AS c2,s.c3 AS c3,s.c4 AS c4,(6915)::BIGINT AS c5,36 AS c6 FROM n480 s ","type":"SIMPLE_PROJECTION","type_code":2,"view":"n481"}
BOUNDARY node=482 operator=Mint reason=Rust dictionary/string scalar evaluation; bag output tracked by OpenIVM
BOUNDARY node=483 operator=Mint reason=Rust dictionary/string scalar evaluation; bag output tracked by OpenIVM
VIEW {"openivm_detail":"refresh_type=SIMPLE_PROJECTION; group_cols=0; model_nodes=3; group_recompute_mode=source_delta; scan_occurrences=1; model_domains=0; node_domains=0; lineage_entries=0; node_lineage=0; node_semantics=2; node_unsupported=0; delta_only_nodes=2; delta_state_nodes=0; affected_recompute_nodes=0; full_recompute_nodes=1","openivm_warning":"","operator":"Mfp","sql":"SELECT s.c0 AS c0,s.c1 AS c1,s.c8 AS c2,(126491)::BIGINT AS c3,48 AS c4 FROM n483 s ","type":"SIMPLE_PROJECTION","type_code":2,"view":"n484"}
BOUNDARY node=485 operator=Join reason=weighted input from an explicit IR recompute boundary
BOUNDARY node=486 operator=Join reason=weighted input from an explicit IR recompute boundary
BOUNDARY node=487 operator=Mfp reason=weighted input from an explicit IR recompute boundary
BOUNDARY node=488 operator=Mint reason=weighted input from an explicit IR recompute boundary
BOUNDARY node=489 operator=Mint reason=weighted input from an explicit IR recompute boundary
BOUNDARY node=490 operator=Mint reason=weighted input from an explicit IR recompute boundary
BOUNDARY node=492 operator=Mfp reason=weighted input from an explicit IR recompute boundary
BOUNDARY node=493 operator=Mint reason=weighted input from an explicit IR recompute boundary
BOUNDARY node=494 operator=Mint reason=weighted input from an explicit IR recompute boundary
BOUNDARY node=495 operator=Mfp reason=weighted input from an explicit IR recompute boundary
BOUNDARY node=496 operator=Mint reason=weighted input from an explicit IR recompute boundary
BOUNDARY node=497 operator=Mint reason=weighted input from an explicit IR recompute boundary
BOUNDARY node=498 operator=Mfp reason=weighted input from an explicit IR recompute boundary
BOUNDARY node=1782 operator=Union reason=weighted input from an explicit IR recompute boundary
BOUNDARY node=1783 operator=Threshold reason=weighted input from an explicit IR recompute boundary
VIEW {"openivm_detail":"refresh_type=SIMPLE_PROJECTION; group_cols=0; model_nodes=3; group_recompute_mode=source_delta; scan_occurrences=1; model_domains=0; node_domains=0; lineage_entries=0; node_lineage=0; node_semantics=2; node_unsupported=0; delta_only_nodes=2; delta_state_nodes=0; affected_recompute_nodes=0; full_recompute_nodes=1","openivm_warning":"","operator":"Get","sql":"SELECT * FROM r265","type":"SIMPLE_PROJECTION","type_code":2,"view":"n1784"}
BOUNDARY node=258 operator=Mfp reason=weighted input from an explicit IR recompute boundary
BOUNDARY node=271 operator=Mfp reason=weighted input from an explicit IR recompute boundary
BOUNDARY node=290 operator=Mfp reason=weighted input from an explicit IR recompute boundary
BOUNDARY node=323 operator=Mfp reason=weighted input from an explicit IR recompute boundary
BOUNDARY node=336 operator=Mfp reason=weighted input from an explicit IR recompute boundary
BOUNDARY node=355 operator=Mfp reason=weighted input from an explicit IR recompute boundary
BOUNDARY node=369 operator=Mfp reason=weighted input from an explicit IR recompute boundary
BOUNDARY node=437 operator=Mfp reason=weighted input from an explicit IR recompute boundary
BOUNDARY node=450 operator=Mfp reason=weighted input from an explicit IR recompute boundary
BOUNDARY node=469 operator=Mfp reason=weighted input from an explicit IR recompute boundary
BOUNDARY node=491 operator=Mfp reason=weighted input from an explicit IR recompute boundary
BOUNDARY node=1785 operator=Union reason=weighted input from an explicit IR recompute boundary
BOUNDARY node=1786 operator=Threshold reason=weighted input from an explicit IR recompute boundary
BOUNDARY node=371 operator=Get reason=LetRec round body
BOUNDARY node=372 operator=Mfp reason=LetRec round body
BOUNDARY node=373 operator=Window reason=dictionary scalar lookup; excluded from OpenIVM NUL-sensitive change tracking
BOUNDARY node=1787 operator=Threshold reason=weighted input from an explicit IR recompute boundary
BOUNDARY node=374 operator=Reduce reason=LetRec round body
BOUNDARY node=375 operator=Mfp reason=LetRec round body
BOUNDARY node=376 operator=Get reason=LetRec round body
BOUNDARY node=377 operator=Mfp reason=LetRec round body
BOUNDARY node=378 operator=Get reason=LetRec round body
BOUNDARY node=379 operator=Join reason=LetRec round body
BOUNDARY node=380 operator=Join reason=LetRec round body
BOUNDARY node=381 operator=Join reason=LetRec round body
BOUNDARY node=382 operator=Mfp reason=LetRec round body
BOUNDARY node=383 operator=Join reason=LetRec round body
BOUNDARY node=384 operator=Join reason=LetRec round body
BOUNDARY node=385 operator=Mfp reason=LetRec round body
BOUNDARY node=386 operator=Mint reason=LetRec round body
BOUNDARY node=387 operator=Mint reason=LetRec round body
BOUNDARY node=388 operator=Mfp reason=LetRec round body
BOUNDARY node=389 operator=Mint reason=LetRec round body
BOUNDARY node=390 operator=Mint reason=LetRec round body
BOUNDARY node=391 operator=Antijoin reason=LetRec round body
BOUNDARY node=392 operator=Mfp reason=LetRec round body
BOUNDARY node=393 operator=Mint reason=LetRec round body
BOUNDARY node=394 operator=Mfp reason=LetRec round body
BOUNDARY node=395 operator=Mint reason=LetRec round body
BOUNDARY node=396 operator=Mint reason=LetRec round body
BOUNDARY node=397 operator=Mfp reason=LetRec round body
BOUNDARY node=398 operator=Join reason=LetRec round body
BOUNDARY node=399 operator=Join reason=LetRec round body
BOUNDARY node=400 operator=Mfp reason=LetRec round body
BOUNDARY node=401 operator=Mint reason=LetRec round body
BOUNDARY node=402 operator=Mint reason=LetRec round body
BOUNDARY node=403 operator=Mint reason=LetRec round body
BOUNDARY node=405 operator=Mfp reason=LetRec round body
BOUNDARY node=406 operator=Join reason=LetRec round body
BOUNDARY node=407 operator=Join reason=LetRec round body
BOUNDARY node=408 operator=Join reason=LetRec round body
BOUNDARY node=409 operator=Mfp reason=LetRec round body
BOUNDARY node=410 operator=Join reason=LetRec round body
BOUNDARY node=411 operator=Join reason=LetRec round body
BOUNDARY node=412 operator=Mfp reason=LetRec round body
BOUNDARY node=413 operator=Union reason=LetRec round body
VIEW {"openivm_detail":"refresh_type=SIMPLE_PROJECTION; group_cols=0; model_nodes=3; group_recompute_mode=source_delta; scan_occurrences=1; model_domains=0; node_domains=0; lineage_entries=0; node_lineage=0; node_semantics=2; node_unsupported=0; delta_only_nodes=2; delta_state_nodes=0; affected_recompute_nodes=0; full_recompute_nodes=1","openivm_warning":"","operator":"Get","sql":"SELECT * FROM r53","type":"SIMPLE_PROJECTION","type_code":2,"view":"n1788"}
BOUNDARY node=414 operator=Reduce reason=weighted input from an explicit IR recompute boundary
BOUNDARY node=415 operator=Join reason=weighted input from an explicit IR recompute boundary
BOUNDARY node=1789 operator=Union reason=weighted input from an explicit IR recompute boundary
BOUNDARY node=1790 operator=Threshold reason=weighted input from an explicit IR recompute boundary
VIEW {"openivm_detail":"refresh_type=SIMPLE_PROJECTION; group_cols=0; model_nodes=3; group_recompute_mode=source_delta; scan_occurrences=1; model_domains=0; node_domains=0; lineage_entries=0; node_lineage=0; node_semantics=2; node_unsupported=0; delta_only_nodes=2; delta_state_nodes=0; affected_recompute_nodes=0; full_recompute_nodes=1","openivm_warning":"","operator":"Get","sql":"SELECT * FROM r69","type":"SIMPLE_PROJECTION","type_code":2,"view":"n1791"}
BOUNDARY node=1329 operator=Get reason=LetRec round body
BOUNDARY node=1340 operator=Join reason=weighted input from an explicit IR recompute boundary
BOUNDARY node=1341 operator=Join reason=weighted input from an explicit IR recompute boundary
BOUNDARY node=1342 operator=Join reason=weighted input from an explicit IR recompute boundary
BOUNDARY node=1343 operator=Join reason=weighted input from an explicit IR recompute boundary
BOUNDARY node=1344 operator=Join reason=weighted input from an explicit IR recompute boundary
BOUNDARY node=1345 operator=Mfp reason=weighted input from an explicit IR recompute boundary
BOUNDARY node=1792 operator=Union reason=weighted input from an explicit IR recompute boundary
BOUNDARY node=1793 operator=Threshold reason=weighted input from an explicit IR recompute boundary
VIEW {"openivm_detail":"refresh_type=SIMPLE_PROJECTION; group_cols=0; model_nodes=3; group_recompute_mode=source_delta; scan_occurrences=1; model_domains=0; node_domains=0; lineage_entries=0; node_lineage=0; node_semantics=2; node_unsupported=0; delta_only_nodes=2; delta_state_nodes=0; affected_recompute_nodes=0; full_recompute_nodes=1","openivm_warning":"","operator":"Get","sql":"SELECT * FROM r87","type":"SIMPLE_PROJECTION","type_code":2,"view":"n1794"}
BOUNDARY node=1284 operator=Mfp reason=weighted input from an explicit IR recompute boundary
BOUNDARY node=1285 operator=Get reason=weighted input from an explicit IR recompute boundary
BOUNDARY node=1286 operator=Join reason=weighted input from an explicit IR recompute boundary
BOUNDARY node=1287 operator=Get reason=weighted input from an explicit IR recompute boundary
BOUNDARY node=1288 operator=Antijoin reason=weighted input from an explicit IR recompute boundary
BOUNDARY node=1289 operator=Mfp reason=weighted input from an explicit IR recompute boundary
BOUNDARY node=1795 operator=Union reason=weighted input from an explicit IR recompute boundary
BOUNDARY node=1796 operator=Threshold reason=weighted input from an explicit IR recompute boundary
VIEW {"openivm_detail":"refresh_type=SIMPLE_PROJECTION; group_cols=0; model_nodes=3; group_recompute_mode=source_delta; scan_occurrences=1; model_domains=0; node_domains=0; lineage_entries=0; node_lineage=0; node_semantics=2; node_unsupported=0; delta_only_nodes=2; delta_state_nodes=0; affected_recompute_nodes=0; full_recompute_nodes=1","openivm_warning":"","operator":"Get","sql":"SELECT * FROM r127","type":"SIMPLE_PROJECTION","type_code":2,"view":"n1797"}
BOUNDARY node=1098 operator=Join reason=weighted input from an explicit IR recompute boundary
BOUNDARY node=1099 operator=Get reason=weighted input from an explicit IR recompute boundary
BOUNDARY node=1100 operator=Antijoin reason=weighted input from an explicit IR recompute boundary
BOUNDARY node=1101 operator=Mfp reason=weighted input from an explicit IR recompute boundary
BOUNDARY node=1798 operator=Union reason=weighted input from an explicit IR recompute boundary
BOUNDARY node=1799 operator=Threshold reason=weighted input from an explicit IR recompute boundary
VIEW {"openivm_detail":"refresh_type=SIMPLE_PROJECTION; group_cols=0; model_nodes=3; group_recompute_mode=source_delta; scan_occurrences=1; model_domains=0; node_domains=0; lineage_entries=0; node_lineage=0; node_semantics=2; node_unsupported=0; delta_only_nodes=2; delta_state_nodes=0; affected_recompute_nodes=0; full_recompute_nodes=1","openivm_warning":"","operator":"Get","sql":"SELECT * FROM r266","type":"SIMPLE_PROJECTION","type_code":2,"view":"n1800"}
BOUNDARY node=199 operator=Mfp reason=weighted input from an explicit IR recompute boundary
BOUNDARY node=234 operator=Mfp reason=weighted input from an explicit IR recompute boundary
BOUNDARY node=404 operator=Mfp reason=weighted input from an explicit IR recompute boundary
BOUNDARY node=1682 operator=Get reason=weighted input from an explicit IR recompute boundary
BOUNDARY node=1801 operator=Union reason=weighted input from an explicit IR recompute boundary
BOUNDARY node=1802 operator=Threshold reason=weighted input from an explicit IR recompute boundary
VIEW {"openivm_detail":"refresh_type=SIMPLE_PROJECTION; group_cols=0; model_nodes=3; group_recompute_mode=source_delta; scan_occurrences=1; model_domains=0; node_domains=0; lineage_entries=0; node_lineage=0; node_semantics=2; node_unsupported=0; delta_only_nodes=2; delta_state_nodes=0; affected_recompute_nodes=0; full_recompute_nodes=1","openivm_warning":"","operator":"Get","sql":"SELECT * FROM r51","type":"SIMPLE_PROJECTION","type_code":2,"view":"n1803"}
VIEW {"openivm_detail":"refresh_type=SIMPLE_PROJECTION; group_cols=0; model_nodes=8; group_recompute_mode=source_delta; scan_occurrences=2; model_domains=0; node_domains=0; lineage_entries=0; node_lineage=0; node_semantics=8; node_unsupported=0; delta_only_nodes=6; delta_state_nodes=1; affected_recompute_nodes=0; full_recompute_nodes=1","openivm_warning":"","operator":"Join","sql":"SELECT s0.c0 AS c0,s0.c1 AS c1,s0.c2 AS c2,s1.c0 AS c3,s1.c1 AS c4 FROM n502 s0 CROSS JOIN n423 s1 WHERE s0.c1=s1.c0","type":"SIMPLE_PROJECTION","type_code":2,"view":"n503"}
VIEW {"openivm_detail":"refresh_type=SIMPLE_PROJECTION; group_cols=0; model_nodes=4; group_recompute_mode=source_delta; scan_occurrences=1; model_domains=0; node_domains=0; lineage_entries=0; node_lineage=0; node_semantics=4; node_unsupported=0; delta_only_nodes=3; delta_state_nodes=0; affected_recompute_nodes=0; full_recompute_nodes=1","openivm_warning":"","operator":"Mfp","sql":"SELECT s.c0 AS c0,s.c1 AS c1,s.c4 AS c2,(106335)::BIGINT AS c3,60 AS c4,(65)::BIGINT AS c5,37 AS c6 FROM n503 s ","type":"SIMPLE_PROJECTION","type_code":2,"view":"n504"}
BOUNDARY node=505 operator=Mint reason=Rust dictionary/string scalar evaluation; bag output tracked by OpenIVM
VIEW {"openivm_detail":"refresh_type=SIMPLE_PROJECTION; group_cols=0; model_nodes=3; group_recompute_mode=source_delta; scan_occurrences=1; model_domains=0; node_domains=0; lineage_entries=0; node_lineage=0; node_semantics=2; node_unsupported=0; delta_only_nodes=2; delta_state_nodes=0; affected_recompute_nodes=0; full_recompute_nodes=1","openivm_warning":"","operator":"Mfp","sql":"SELECT s.c0 AS c0,s.c1 AS c1,s.c2 AS c2,s.c3 AS c3,s.c4 AS c4,s.c5 AS c5,s.c6 AS c6,s.c7 AS c7,(6915)::BIGINT AS c8,36 AS c9 FROM n505 s ","type":"SIMPLE_PROJECTION","type_code":2,"view":"n506"}
BOUNDARY node=507 operator=Mint reason=Rust dictionary/string scalar evaluation; bag output tracked by OpenIVM
BOUNDARY node=508 operator=Mint reason=Rust dictionary/string scalar evaluation; bag output tracked by OpenIVM
VIEW {"openivm_detail":"refresh_type=SIMPLE_PROJECTION; group_cols=0; model_nodes=3; group_recompute_mode=source_delta; scan_occurrences=1; model_domains=0; node_domains=0; lineage_entries=0; node_lineage=0; node_semantics=2; node_unsupported=0; delta_only_nodes=2; delta_state_nodes=0; affected_recompute_nodes=0; full_recompute_nodes=1","openivm_warning":"","operator":"Mfp","sql":"SELECT s.c0 AS c0,s.c1 AS c1,s.c2 AS c2,s.c4 AS c3,s.c11 AS c4,(126491)::BIGINT AS c5,48 AS c6 FROM n508 s ","type":"SIMPLE_PROJECTION","type_code":2,"view":"n509"}
BOUNDARY node=510 operator=Join reason=weighted input from an explicit IR recompute boundary
BOUNDARY node=511 operator=Join reason=weighted input from an explicit IR recompute boundary
BOUNDARY node=512 operator=Mfp reason=weighted input from an explicit IR recompute boundary
BOUNDARY node=513 operator=Mint reason=weighted input from an explicit IR recompute boundary
BOUNDARY node=514 operator=Mint reason=weighted input from an explicit IR recompute boundary
BOUNDARY node=515 operator=Mint reason=weighted input from an explicit IR recompute boundary
BOUNDARY node=517 operator=Mfp reason=weighted input from an explicit IR recompute boundary
BOUNDARY node=518 operator=Mint reason=weighted input from an explicit IR recompute boundary
BOUNDARY node=519 operator=Mfp reason=weighted input from an explicit IR recompute boundary
BOUNDARY node=520 operator=Mint reason=weighted input from an explicit IR recompute boundary
BOUNDARY node=521 operator=Mint reason=weighted input from an explicit IR recompute boundary
BOUNDARY node=522 operator=Mfp reason=weighted input from an explicit IR recompute boundary
BOUNDARY node=523 operator=Join reason=weighted input from an explicit IR recompute boundary
BOUNDARY node=524 operator=Join reason=weighted input from an explicit IR recompute boundary
BOUNDARY node=525 operator=Mfp reason=weighted input from an explicit IR recompute boundary
BOUNDARY node=526 operator=Mint reason=weighted input from an explicit IR recompute boundary
BOUNDARY node=527 operator=Mint reason=weighted input from an explicit IR recompute boundary
BOUNDARY node=528 operator=Mint reason=weighted input from an explicit IR recompute boundary
BOUNDARY node=530 operator=Mfp reason=weighted input from an explicit IR recompute boundary
BOUNDARY node=531 operator=Mint reason=weighted input from an explicit IR recompute boundary
BOUNDARY node=532 operator=Mfp reason=weighted input from an explicit IR recompute boundary
BOUNDARY node=533 operator=Mint reason=weighted input from an explicit IR recompute boundary
BOUNDARY node=534 operator=Mint reason=weighted input from an explicit IR recompute boundary
BOUNDARY node=535 operator=Mfp reason=weighted input from an explicit IR recompute boundary
BOUNDARY node=536 operator=Join reason=weighted input from an explicit IR recompute boundary
BOUNDARY node=537 operator=Join reason=weighted input from an explicit IR recompute boundary
BOUNDARY node=538 operator=Mfp reason=weighted input from an explicit IR recompute boundary
BOUNDARY node=539 operator=Mint reason=weighted input from an explicit IR recompute boundary
BOUNDARY node=540 operator=Mint reason=weighted input from an explicit IR recompute boundary
BOUNDARY node=541 operator=Mint reason=weighted input from an explicit IR recompute boundary
BOUNDARY node=543 operator=Mfp reason=weighted input from an explicit IR recompute boundary
BOUNDARY node=544 operator=Mint reason=weighted input from an explicit IR recompute boundary
BOUNDARY node=545 operator=Mfp reason=weighted input from an explicit IR recompute boundary
BOUNDARY node=546 operator=Mint reason=weighted input from an explicit IR recompute boundary
BOUNDARY node=547 operator=Mint reason=weighted input from an explicit IR recompute boundary
BOUNDARY node=548 operator=Mfp reason=weighted input from an explicit IR recompute boundary
BOUNDARY node=549 operator=Join reason=weighted input from an explicit IR recompute boundary
BOUNDARY node=550 operator=Join reason=weighted input from an explicit IR recompute boundary
BOUNDARY node=551 operator=Mfp reason=weighted input from an explicit IR recompute boundary
BOUNDARY node=552 operator=Mint reason=weighted input from an explicit IR recompute boundary
BOUNDARY node=553 operator=Mint reason=weighted input from an explicit IR recompute boundary
BOUNDARY node=554 operator=Mint reason=weighted input from an explicit IR recompute boundary
BOUNDARY node=556 operator=Mfp reason=weighted input from an explicit IR recompute boundary
BOUNDARY node=557 operator=Mint reason=weighted input from an explicit IR recompute boundary
BOUNDARY node=558 operator=Mfp reason=weighted input from an explicit IR recompute boundary
BOUNDARY node=559 operator=Mint reason=weighted input from an explicit IR recompute boundary
BOUNDARY node=560 operator=Mint reason=weighted input from an explicit IR recompute boundary
BOUNDARY node=561 operator=Mfp reason=weighted input from an explicit IR recompute boundary
BOUNDARY node=562 operator=Join reason=weighted input from an explicit IR recompute boundary
BOUNDARY node=563 operator=Join reason=weighted input from an explicit IR recompute boundary
BOUNDARY node=564 operator=Mfp reason=weighted input from an explicit IR recompute boundary
BOUNDARY node=565 operator=Mint reason=weighted input from an explicit IR recompute boundary
BOUNDARY node=566 operator=Mint reason=weighted input from an explicit IR recompute boundary
BOUNDARY node=567 operator=Mint reason=weighted input from an explicit IR recompute boundary
BOUNDARY node=569 operator=Mfp reason=weighted input from an explicit IR recompute boundary
BOUNDARY node=570 operator=Mint reason=weighted input from an explicit IR recompute boundary
BOUNDARY node=571 operator=Mint reason=weighted input from an explicit IR recompute boundary
BOUNDARY node=572 operator=Mint reason=weighted input from an explicit IR recompute boundary
BOUNDARY node=573 operator=Mint reason=weighted input from an explicit IR recompute boundary
BOUNDARY node=574 operator=Mint reason=weighted input from an explicit IR recompute boundary
BOUNDARY node=575 operator=Mfp reason=weighted input from an explicit IR recompute boundary
BOUNDARY node=576 operator=Mint reason=weighted input from an explicit IR recompute boundary
BOUNDARY node=577 operator=Mint reason=weighted input from an explicit IR recompute boundary
BOUNDARY node=578 operator=Mfp reason=weighted input from an explicit IR recompute boundary
BOUNDARY node=579 operator=Mint reason=weighted input from an explicit IR recompute boundary
BOUNDARY node=580 operator=Mfp reason=weighted input from an explicit IR recompute boundary
BOUNDARY node=581 operator=Mint reason=weighted input from an explicit IR recompute boundary
BOUNDARY node=582 operator=Mint reason=weighted input from an explicit IR recompute boundary
BOUNDARY node=583 operator=Mfp reason=weighted input from an explicit IR recompute boundary
BOUNDARY node=584 operator=Join reason=weighted input from an explicit IR recompute boundary
BOUNDARY node=585 operator=Join reason=weighted input from an explicit IR recompute boundary
BOUNDARY node=586 operator=Mfp reason=weighted input from an explicit IR recompute boundary
BOUNDARY node=587 operator=Mint reason=weighted input from an explicit IR recompute boundary
BOUNDARY node=588 operator=Mint reason=weighted input from an explicit IR recompute boundary
BOUNDARY node=589 operator=Mint reason=weighted input from an explicit IR recompute boundary
BOUNDARY node=591 operator=Mfp reason=weighted input from an explicit IR recompute boundary
VIEW {"openivm_detail":"refresh_type=SIMPLE_PROJECTION; group_cols=0; model_nodes=4; group_recompute_mode=source_delta; scan_occurrences=1; model_domains=0; node_domains=0; lineage_entries=0; node_lineage=0; node_semantics=4; node_unsupported=0; delta_only_nodes=3; delta_state_nodes=0; affected_recompute_nodes=0; full_recompute_nodes=1","openivm_warning":"","operator":"Mfp","sql":"SELECT s.c0 AS c0,s.c4 AS c1,(106333)::BIGINT AS c2,68 AS c3,(65)::BIGINT AS c4,37 AS c5 FROM n503 s ","type":"SIMPLE_PROJECTION","type_code":2,"view":"n592"}
BOUNDARY node=593 operator=Mint reason=Rust dictionary/string scalar evaluation; bag output tracked by OpenIVM
VIEW {"openivm_detail":"refresh_type=SIMPLE_PROJECTION; group_cols=0; model_nodes=3; group_recompute_mode=source_delta; scan_occurrences=1; model_domains=0; node_domains=0; lineage_entries=0; node_lineage=0; node_semantics=2; node_unsupported=0; delta_only_nodes=2; delta_state_nodes=0; affected_recompute_nodes=0; full_recompute_nodes=1","openivm_warning":"","operator":"Mfp","sql":"SELECT s.c0 AS c0,s.c1 AS c1,s.c2 AS c2,s.c3 AS c3,s.c4 AS c4,s.c5 AS c5,s.c6 AS c6,(6915)::BIGINT AS c7,36 AS c8 FROM n593 s ","type":"SIMPLE_PROJECTION","type_code":2,"view":"n594"}
BOUNDARY node=595 operator=Mint reason=Rust dictionary/string scalar evaluation; bag output tracked by OpenIVM
BOUNDARY node=596 operator=Mint reason=Rust dictionary/string scalar evaluation; bag output tracked by OpenIVM
VIEW {"openivm_detail":"refresh_type=SIMPLE_PROJECTION; group_cols=0; model_nodes=3; group_recompute_mode=source_delta; scan_occurrences=1; model_domains=0; node_domains=0; lineage_entries=0; node_lineage=0; node_semantics=2; node_unsupported=0; delta_only_nodes=2; delta_state_nodes=0; affected_recompute_nodes=0; full_recompute_nodes=1","openivm_warning":"","operator":"Mfp","sql":"SELECT s.c0 AS c0,s.c1 AS c1,s.c3 AS c2,s.c10 AS c3,(126491)::BIGINT AS c4,48 AS c5 FROM n596 s ","type":"SIMPLE_PROJECTION","type_code":2,"view":"n597"}
BOUNDARY node=598 operator=Join reason=weighted input from an explicit IR recompute boundary
BOUNDARY node=599 operator=Join reason=weighted input from an explicit IR recompute boundary
BOUNDARY node=600 operator=Mfp reason=weighted input from an explicit IR recompute boundary
BOUNDARY node=601 operator=Mint reason=weighted input from an explicit IR recompute boundary
BOUNDARY node=602 operator=Mint reason=weighted input from an explicit IR recompute boundary
BOUNDARY node=603 operator=Mint reason=weighted input from an explicit IR recompute boundary
BOUNDARY node=605 operator=Mfp reason=weighted input from an explicit IR recompute boundary
BOUNDARY node=606 operator=Mint reason=weighted input from an explicit IR recompute boundary
BOUNDARY node=607 operator=Mfp reason=weighted input from an explicit IR recompute boundary
BOUNDARY node=608 operator=Mint reason=weighted input from an explicit IR recompute boundary
BOUNDARY node=609 operator=Mint reason=weighted input from an explicit IR recompute boundary
BOUNDARY node=610 operator=Mfp reason=weighted input from an explicit IR recompute boundary
BOUNDARY node=611 operator=Join reason=weighted input from an explicit IR recompute boundary
BOUNDARY node=612 operator=Join reason=weighted input from an explicit IR recompute boundary
BOUNDARY node=613 operator=Mfp reason=weighted input from an explicit IR recompute boundary
BOUNDARY node=614 operator=Mint reason=weighted input from an explicit IR recompute boundary
BOUNDARY node=615 operator=Mint reason=weighted input from an explicit IR recompute boundary
BOUNDARY node=616 operator=Mint reason=weighted input from an explicit IR recompute boundary
BOUNDARY node=618 operator=Mfp reason=weighted input from an explicit IR recompute boundary
BOUNDARY node=619 operator=Mint reason=weighted input from an explicit IR recompute boundary
BOUNDARY node=620 operator=Mfp reason=weighted input from an explicit IR recompute boundary
BOUNDARY node=621 operator=Mint reason=weighted input from an explicit IR recompute boundary
BOUNDARY node=622 operator=Mint reason=weighted input from an explicit IR recompute boundary
BOUNDARY node=623 operator=Mfp reason=weighted input from an explicit IR recompute boundary
BOUNDARY node=624 operator=Join reason=weighted input from an explicit IR recompute boundary
BOUNDARY node=625 operator=Join reason=weighted input from an explicit IR recompute boundary
BOUNDARY node=626 operator=Mfp reason=weighted input from an explicit IR recompute boundary
BOUNDARY node=627 operator=Mint reason=weighted input from an explicit IR recompute boundary
BOUNDARY node=628 operator=Mint reason=weighted input from an explicit IR recompute boundary
BOUNDARY node=629 operator=Mint reason=weighted input from an explicit IR recompute boundary
BOUNDARY node=631 operator=Mfp reason=weighted input from an explicit IR recompute boundary
BOUNDARY node=632 operator=Mint reason=weighted input from an explicit IR recompute boundary
BOUNDARY node=633 operator=Mint reason=weighted input from an explicit IR recompute boundary
BOUNDARY node=634 operator=Mint reason=weighted input from an explicit IR recompute boundary
BOUNDARY node=635 operator=Mfp reason=weighted input from an explicit IR recompute boundary
BOUNDARY node=636 operator=Mint reason=weighted input from an explicit IR recompute boundary
BOUNDARY node=637 operator=Mint reason=weighted input from an explicit IR recompute boundary
BOUNDARY node=638 operator=Mfp reason=weighted input from an explicit IR recompute boundary
BOUNDARY node=639 operator=Mint reason=weighted input from an explicit IR recompute boundary
BOUNDARY node=640 operator=Mfp reason=weighted input from an explicit IR recompute boundary
BOUNDARY node=641 operator=Mint reason=weighted input from an explicit IR recompute boundary
BOUNDARY node=642 operator=Mint reason=weighted input from an explicit IR recompute boundary
BOUNDARY node=643 operator=Mfp reason=weighted input from an explicit IR recompute boundary
BOUNDARY node=644 operator=Join reason=weighted input from an explicit IR recompute boundary
BOUNDARY node=645 operator=Join reason=weighted input from an explicit IR recompute boundary
BOUNDARY node=646 operator=Mfp reason=weighted input from an explicit IR recompute boundary
BOUNDARY node=647 operator=Mint reason=weighted input from an explicit IR recompute boundary
BOUNDARY node=648 operator=Mint reason=weighted input from an explicit IR recompute boundary
BOUNDARY node=649 operator=Mint reason=weighted input from an explicit IR recompute boundary
BOUNDARY node=651 operator=Mfp reason=weighted input from an explicit IR recompute boundary
BOUNDARY node=652 operator=Get reason=weighted input from an explicit IR recompute boundary
BOUNDARY node=653 operator=Antijoin reason=weighted input from an explicit IR recompute boundary
BOUNDARY node=654 operator=Mfp reason=weighted input from an explicit IR recompute boundary
BOUNDARY node=655 operator=Mint reason=weighted input from an explicit IR recompute boundary
BOUNDARY node=656 operator=Mfp reason=weighted input from an explicit IR recompute boundary
BOUNDARY node=657 operator=Mint reason=weighted input from an explicit IR recompute boundary
BOUNDARY node=658 operator=Mint reason=weighted input from an explicit IR recompute boundary
BOUNDARY node=659 operator=Mfp reason=weighted input from an explicit IR recompute boundary
BOUNDARY node=660 operator=Join reason=weighted input from an explicit IR recompute boundary
BOUNDARY node=661 operator=Join reason=weighted input from an explicit IR recompute boundary
BOUNDARY node=662 operator=Mfp reason=weighted input from an explicit IR recompute boundary
BOUNDARY node=663 operator=Mint reason=weighted input from an explicit IR recompute boundary
BOUNDARY node=664 operator=Mint reason=weighted input from an explicit IR recompute boundary
BOUNDARY node=665 operator=Mint reason=weighted input from an explicit IR recompute boundary
BOUNDARY node=667 operator=Mfp reason=weighted input from an explicit IR recompute boundary
BOUNDARY node=668 operator=Mint reason=weighted input from an explicit IR recompute boundary
BOUNDARY node=669 operator=Mfp reason=weighted input from an explicit IR recompute boundary
BOUNDARY node=670 operator=Mint reason=weighted input from an explicit IR recompute boundary
BOUNDARY node=671 operator=Mint reason=weighted input from an explicit IR recompute boundary
BOUNDARY node=672 operator=Mfp reason=weighted input from an explicit IR recompute boundary
BOUNDARY node=673 operator=Join reason=weighted input from an explicit IR recompute boundary
BOUNDARY node=674 operator=Join reason=weighted input from an explicit IR recompute boundary
BOUNDARY node=675 operator=Mfp reason=weighted input from an explicit IR recompute boundary
BOUNDARY node=676 operator=Mint reason=weighted input from an explicit IR recompute boundary
BOUNDARY node=677 operator=Mint reason=weighted input from an explicit IR recompute boundary
BOUNDARY node=678 operator=Mint reason=weighted input from an explicit IR recompute boundary
BOUNDARY node=680 operator=Mfp reason=weighted input from an explicit IR recompute boundary
BOUNDARY node=681 operator=Mint reason=weighted input from an explicit IR recompute boundary
BOUNDARY node=682 operator=Mint reason=weighted input from an explicit IR recompute boundary
BOUNDARY node=683 operator=Mfp reason=weighted input from an explicit IR recompute boundary
BOUNDARY node=684 operator=Mint reason=weighted input from an explicit IR recompute boundary
BOUNDARY node=685 operator=Mint reason=weighted input from an explicit IR recompute boundary
BOUNDARY node=686 operator=Mfp reason=weighted input from an explicit IR recompute boundary
BOUNDARY node=687 operator=Mint reason=weighted input from an explicit IR recompute boundary
BOUNDARY node=688 operator=Mfp reason=weighted input from an explicit IR recompute boundary
BOUNDARY node=689 operator=Mint reason=weighted input from an explicit IR recompute boundary
BOUNDARY node=690 operator=Mint reason=weighted input from an explicit IR recompute boundary
BOUNDARY node=691 operator=Mfp reason=weighted input from an explicit IR recompute boundary
BOUNDARY node=692 operator=Join reason=weighted input from an explicit IR recompute boundary
BOUNDARY node=693 operator=Join reason=weighted input from an explicit IR recompute boundary
BOUNDARY node=694 operator=Mfp reason=weighted input from an explicit IR recompute boundary
BOUNDARY node=695 operator=Mint reason=weighted input from an explicit IR recompute boundary
BOUNDARY node=696 operator=Mint reason=weighted input from an explicit IR recompute boundary
BOUNDARY node=697 operator=Mint reason=weighted input from an explicit IR recompute boundary
BOUNDARY node=699 operator=Mfp reason=weighted input from an explicit IR recompute boundary
BOUNDARY node=700 operator=Mfp reason=weighted input from an explicit IR recompute boundary
BOUNDARY node=701 operator=Mint reason=weighted input from an explicit IR recompute boundary
BOUNDARY node=702 operator=Mfp reason=weighted input from an explicit IR recompute boundary
BOUNDARY node=703 operator=Mint reason=weighted input from an explicit IR recompute boundary
BOUNDARY node=704 operator=Mint reason=weighted input from an explicit IR recompute boundary
BOUNDARY node=705 operator=Mfp reason=weighted input from an explicit IR recompute boundary
BOUNDARY node=706 operator=Join reason=weighted input from an explicit IR recompute boundary
BOUNDARY node=707 operator=Join reason=weighted input from an explicit IR recompute boundary
BOUNDARY node=708 operator=Mfp reason=weighted input from an explicit IR recompute boundary
BOUNDARY node=709 operator=Mint reason=weighted input from an explicit IR recompute boundary
BOUNDARY node=710 operator=Mint reason=weighted input from an explicit IR recompute boundary
BOUNDARY node=711 operator=Mint reason=weighted input from an explicit IR recompute boundary
BOUNDARY node=713 operator=Mfp reason=weighted input from an explicit IR recompute boundary
VIEW {"openivm_detail":"refresh_type=SIMPLE_PROJECTION; group_cols=0; model_nodes=4; group_recompute_mode=source_delta; scan_occurrences=1; model_domains=0; node_domains=0; lineage_entries=0; node_lineage=0; node_semantics=4; node_unsupported=0; delta_only_nodes=3; delta_state_nodes=0; affected_recompute_nodes=0; full_recompute_nodes=1","openivm_warning":"","operator":"Mfp","sql":"SELECT s.c0 AS c0,s.c2 AS c1,s.c4 AS c2,(106339)::BIGINT AS c3,76 AS c4,(65)::BIGINT AS c5,37 AS c6 FROM n503 s ","type":"SIMPLE_PROJECTION","type_code":2,"view":"n714"}
BOUNDARY node=715 operator=Mint reason=Rust dictionary/string scalar evaluation; bag output tracked by OpenIVM
VIEW {"openivm_detail":"refresh_type=SIMPLE_PROJECTION; group_cols=0; model_nodes=3; group_recompute_mode=source_delta; scan_occurrences=1; model_domains=0; node_domains=0; lineage_entries=0; node_lineage=0; node_semantics=2; node_unsupported=0; delta_only_nodes=2; delta_state_nodes=0; affected_recompute_nodes=0; full_recompute_nodes=1","openivm_warning":"","operator":"Mfp","sql":"SELECT s.c0 AS c0,s.c1 AS c1,s.c2 AS c2,s.c3 AS c3,s.c4 AS c4,s.c5 AS c5,s.c6 AS c6,s.c7 AS c7,(6915)::BIGINT AS c8,36 AS c9 FROM n715 s ","type":"SIMPLE_PROJECTION","type_code":2,"view":"n716"}
BOUNDARY node=717 operator=Mint reason=Rust dictionary/string scalar evaluation; bag output tracked by OpenIVM
BOUNDARY node=718 operator=Mint reason=Rust dictionary/string scalar evaluation; bag output tracked by OpenIVM
VIEW {"openivm_detail":"refresh_type=SIMPLE_PROJECTION; group_cols=0; model_nodes=3; group_recompute_mode=source_delta; scan_occurrences=1; model_domains=0; node_domains=0; lineage_entries=0; node_lineage=0; node_semantics=2; node_unsupported=0; delta_only_nodes=2; delta_state_nodes=0; affected_recompute_nodes=0; full_recompute_nodes=1","openivm_warning":"","operator":"Mfp","sql":"SELECT s.c0 AS c0,s.c1 AS c1,s.c2 AS c2,s.c4 AS c3,s.c11 AS c4,(126491)::BIGINT AS c5,48 AS c6 FROM n718 s ","type":"SIMPLE_PROJECTION","type_code":2,"view":"n719"}
BOUNDARY node=720 operator=Join reason=weighted input from an explicit IR recompute boundary
BOUNDARY node=721 operator=Join reason=weighted input from an explicit IR recompute boundary
BOUNDARY node=722 operator=Mfp reason=weighted input from an explicit IR recompute boundary
BOUNDARY node=723 operator=Mint reason=weighted input from an explicit IR recompute boundary
BOUNDARY node=724 operator=Mint reason=weighted input from an explicit IR recompute boundary
BOUNDARY node=725 operator=Mint reason=weighted input from an explicit IR recompute boundary
BOUNDARY node=727 operator=Mfp reason=weighted input from an explicit IR recompute boundary
BOUNDARY node=728 operator=Mint reason=weighted input from an explicit IR recompute boundary
BOUNDARY node=729 operator=Mfp reason=weighted input from an explicit IR recompute boundary
BOUNDARY node=730 operator=Mint reason=weighted input from an explicit IR recompute boundary
BOUNDARY node=731 operator=Mint reason=weighted input from an explicit IR recompute boundary
BOUNDARY node=732 operator=Mfp reason=weighted input from an explicit IR recompute boundary
BOUNDARY node=733 operator=Join reason=weighted input from an explicit IR recompute boundary
BOUNDARY node=734 operator=Join reason=weighted input from an explicit IR recompute boundary
BOUNDARY node=735 operator=Mfp reason=weighted input from an explicit IR recompute boundary
BOUNDARY node=736 operator=Mint reason=weighted input from an explicit IR recompute boundary
BOUNDARY node=737 operator=Mint reason=weighted input from an explicit IR recompute boundary
BOUNDARY node=738 operator=Mint reason=weighted input from an explicit IR recompute boundary
BOUNDARY node=740 operator=Mfp reason=weighted input from an explicit IR recompute boundary
BOUNDARY node=741 operator=Mint reason=weighted input from an explicit IR recompute boundary
BOUNDARY node=742 operator=Mfp reason=weighted input from an explicit IR recompute boundary
BOUNDARY node=743 operator=Mint reason=weighted input from an explicit IR recompute boundary
BOUNDARY node=744 operator=Mint reason=weighted input from an explicit IR recompute boundary
BOUNDARY node=745 operator=Mfp reason=weighted input from an explicit IR recompute boundary
BOUNDARY node=746 operator=Join reason=weighted input from an explicit IR recompute boundary
BOUNDARY node=747 operator=Join reason=weighted input from an explicit IR recompute boundary
BOUNDARY node=748 operator=Mfp reason=weighted input from an explicit IR recompute boundary
BOUNDARY node=749 operator=Mint reason=weighted input from an explicit IR recompute boundary
BOUNDARY node=750 operator=Mint reason=weighted input from an explicit IR recompute boundary
BOUNDARY node=751 operator=Mint reason=weighted input from an explicit IR recompute boundary
BOUNDARY node=753 operator=Mfp reason=weighted input from an explicit IR recompute boundary
BOUNDARY node=754 operator=Mint reason=weighted input from an explicit IR recompute boundary
BOUNDARY node=755 operator=Mfp reason=weighted input from an explicit IR recompute boundary
BOUNDARY node=756 operator=Mint reason=weighted input from an explicit IR recompute boundary
BOUNDARY node=757 operator=Mint reason=weighted input from an explicit IR recompute boundary
BOUNDARY node=758 operator=Mfp reason=weighted input from an explicit IR recompute boundary
BOUNDARY node=759 operator=Join reason=weighted input from an explicit IR recompute boundary
BOUNDARY node=760 operator=Join reason=weighted input from an explicit IR recompute boundary
BOUNDARY node=761 operator=Mfp reason=weighted input from an explicit IR recompute boundary
BOUNDARY node=762 operator=Mint reason=weighted input from an explicit IR recompute boundary
BOUNDARY node=763 operator=Mint reason=weighted input from an explicit IR recompute boundary
BOUNDARY node=764 operator=Mint reason=weighted input from an explicit IR recompute boundary
BOUNDARY node=766 operator=Mfp reason=weighted input from an explicit IR recompute boundary
BOUNDARY node=767 operator=Mint reason=weighted input from an explicit IR recompute boundary
BOUNDARY node=768 operator=Mfp reason=weighted input from an explicit IR recompute boundary
BOUNDARY node=769 operator=Mint reason=weighted input from an explicit IR recompute boundary
BOUNDARY node=770 operator=Mint reason=weighted input from an explicit IR recompute boundary
BOUNDARY node=771 operator=Mfp reason=weighted input from an explicit IR recompute boundary
BOUNDARY node=772 operator=Join reason=weighted input from an explicit IR recompute boundary
BOUNDARY node=773 operator=Join reason=weighted input from an explicit IR recompute boundary
BOUNDARY node=774 operator=Mfp reason=weighted input from an explicit IR recompute boundary
BOUNDARY node=775 operator=Mint reason=weighted input from an explicit IR recompute boundary
BOUNDARY node=776 operator=Mint reason=weighted input from an explicit IR recompute boundary
BOUNDARY node=777 operator=Mint reason=weighted input from an explicit IR recompute boundary
BOUNDARY node=779 operator=Mfp reason=weighted input from an explicit IR recompute boundary
BOUNDARY node=780 operator=Mint reason=weighted input from an explicit IR recompute boundary
BOUNDARY node=781 operator=Mfp reason=weighted input from an explicit IR recompute boundary
BOUNDARY node=782 operator=Mint reason=weighted input from an explicit IR recompute boundary
BOUNDARY node=783 operator=Mint reason=weighted input from an explicit IR recompute boundary
BOUNDARY node=784 operator=Mfp reason=weighted input from an explicit IR recompute boundary
BOUNDARY node=785 operator=Join reason=weighted input from an explicit IR recompute boundary
BOUNDARY node=786 operator=Join reason=weighted input from an explicit IR recompute boundary
BOUNDARY node=787 operator=Mfp reason=weighted input from an explicit IR recompute boundary
BOUNDARY node=788 operator=Mint reason=weighted input from an explicit IR recompute boundary
BOUNDARY node=789 operator=Mint reason=weighted input from an explicit IR recompute boundary
BOUNDARY node=790 operator=Mint reason=weighted input from an explicit IR recompute boundary
BOUNDARY node=792 operator=Mfp reason=weighted input from an explicit IR recompute boundary
BOUNDARY node=793 operator=Mint reason=weighted input from an explicit IR recompute boundary
BOUNDARY node=794 operator=Mfp reason=weighted input from an explicit IR recompute boundary
BOUNDARY node=795 operator=Mint reason=weighted input from an explicit IR recompute boundary
BOUNDARY node=796 operator=Mint reason=weighted input from an explicit IR recompute boundary
BOUNDARY node=797 operator=Mfp reason=weighted input from an explicit IR recompute boundary
BOUNDARY node=798 operator=Join reason=weighted input from an explicit IR recompute boundary
BOUNDARY node=799 operator=Join reason=weighted input from an explicit IR recompute boundary
BOUNDARY node=800 operator=Mfp reason=weighted input from an explicit IR recompute boundary
BOUNDARY node=801 operator=Mint reason=weighted input from an explicit IR recompute boundary
BOUNDARY node=802 operator=Mint reason=weighted input from an explicit IR recompute boundary
BOUNDARY node=803 operator=Mint reason=weighted input from an explicit IR recompute boundary
BOUNDARY node=805 operator=Mfp reason=weighted input from an explicit IR recompute boundary
BOUNDARY node=806 operator=Mint reason=weighted input from an explicit IR recompute boundary
BOUNDARY node=807 operator=Mint reason=weighted input from an explicit IR recompute boundary
BOUNDARY node=808 operator=Mint reason=weighted input from an explicit IR recompute boundary
BOUNDARY node=809 operator=Mint reason=weighted input from an explicit IR recompute boundary
BOUNDARY node=810 operator=Mint reason=weighted input from an explicit IR recompute boundary
BOUNDARY node=811 operator=Mint reason=weighted input from an explicit IR recompute boundary
BOUNDARY node=812 operator=Mint reason=weighted input from an explicit IR recompute boundary
BOUNDARY node=813 operator=Mfp reason=weighted input from an explicit IR recompute boundary
BOUNDARY node=814 operator=Mint reason=weighted input from an explicit IR recompute boundary
BOUNDARY node=815 operator=Mint reason=weighted input from an explicit IR recompute boundary
BOUNDARY node=816 operator=Mfp reason=weighted input from an explicit IR recompute boundary
BOUNDARY node=817 operator=Mint reason=weighted input from an explicit IR recompute boundary
BOUNDARY node=818 operator=Mfp reason=weighted input from an explicit IR recompute boundary
BOUNDARY node=819 operator=Mint reason=weighted input from an explicit IR recompute boundary
BOUNDARY node=820 operator=Mint reason=weighted input from an explicit IR recompute boundary
BOUNDARY node=821 operator=Mfp reason=weighted input from an explicit IR recompute boundary
BOUNDARY node=822 operator=Join reason=weighted input from an explicit IR recompute boundary
BOUNDARY node=823 operator=Join reason=weighted input from an explicit IR recompute boundary
BOUNDARY node=824 operator=Mfp reason=weighted input from an explicit IR recompute boundary
BOUNDARY node=825 operator=Mint reason=weighted input from an explicit IR recompute boundary
BOUNDARY node=826 operator=Mint reason=weighted input from an explicit IR recompute boundary
BOUNDARY node=827 operator=Mint reason=weighted input from an explicit IR recompute boundary
BOUNDARY node=829 operator=Mfp reason=weighted input from an explicit IR recompute boundary
VIEW {"openivm_detail":"refresh_type=SIMPLE_PROJECTION; group_cols=0; model_nodes=4; group_recompute_mode=source_delta; scan_occurrences=1; model_domains=0; node_domains=0; lineage_entries=0; node_lineage=0; node_semantics=4; node_unsupported=0; delta_only_nodes=3; delta_state_nodes=0; affected_recompute_nodes=0; full_recompute_nodes=1","openivm_warning":"","operator":"Mfp","sql":"SELECT s.c0 AS c0,s.c1 AS c1 FROM n183 s ","type":"SIMPLE_PROJECTION","type_code":2,"view":"n830"}
BOUNDARY node=831 operator=Get reason=weighted input from an explicit IR recompute boundary
BOUNDARY node=832 operator=Join reason=weighted input from an explicit IR recompute boundary
BOUNDARY node=833 operator=Get reason=weighted input from an explicit IR recompute boundary
BOUNDARY node=834 operator=Join reason=weighted input from an explicit IR recompute boundary
BOUNDARY node=835 operator=Get reason=weighted input from an explicit IR recompute boundary
BOUNDARY node=836 operator=Join reason=weighted input from an explicit IR recompute boundary
BOUNDARY node=837 operator=Mfp reason=weighted input from an explicit IR recompute boundary
BOUNDARY node=838 operator=Mint reason=weighted input from an explicit IR recompute boundary
BOUNDARY node=839 operator=Mfp reason=weighted input from an explicit IR recompute boundary
BOUNDARY node=840 operator=Mint reason=weighted input from an explicit IR recompute boundary
BOUNDARY node=841 operator=Mint reason=weighted input from an explicit IR recompute boundary
BOUNDARY node=842 operator=Mfp reason=weighted input from an explicit IR recompute boundary
BOUNDARY node=843 operator=Join reason=weighted input from an explicit IR recompute boundary
BOUNDARY node=844 operator=Join reason=weighted input from an explicit IR recompute boundary
BOUNDARY node=845 operator=Mfp reason=weighted input from an explicit IR recompute boundary
BOUNDARY node=846 operator=Mint reason=weighted input from an explicit IR recompute boundary
BOUNDARY node=847 operator=Mint reason=weighted input from an explicit IR recompute boundary
BOUNDARY node=848 operator=Mint reason=weighted input from an explicit IR recompute boundary
BOUNDARY node=850 operator=Mfp reason=weighted input from an explicit IR recompute boundary
BOUNDARY node=851 operator=Mint reason=weighted input from an explicit IR recompute boundary
BOUNDARY node=852 operator=Mfp reason=weighted input from an explicit IR recompute boundary
BOUNDARY node=853 operator=Mint reason=weighted input from an explicit IR recompute boundary
BOUNDARY node=854 operator=Mint reason=weighted input from an explicit IR recompute boundary
BOUNDARY node=855 operator=Mfp reason=weighted input from an explicit IR recompute boundary
BOUNDARY node=856 operator=Join reason=weighted input from an explicit IR recompute boundary
BOUNDARY node=857 operator=Join reason=weighted input from an explicit IR recompute boundary
BOUNDARY node=858 operator=Mfp reason=weighted input from an explicit IR recompute boundary
BOUNDARY node=859 operator=Mint reason=weighted input from an explicit IR recompute boundary
BOUNDARY node=860 operator=Mint reason=weighted input from an explicit IR recompute boundary
BOUNDARY node=861 operator=Mint reason=weighted input from an explicit IR recompute boundary
BOUNDARY node=863 operator=Mfp reason=weighted input from an explicit IR recompute boundary
BOUNDARY node=864 operator=Mint reason=weighted input from an explicit IR recompute boundary
BOUNDARY node=865 operator=Mfp reason=weighted input from an explicit IR recompute boundary
BOUNDARY node=866 operator=Mint reason=weighted input from an explicit IR recompute boundary
BOUNDARY node=867 operator=Mint reason=weighted input from an explicit IR recompute boundary
BOUNDARY node=868 operator=Mfp reason=weighted input from an explicit IR recompute boundary
BOUNDARY node=869 operator=Join reason=weighted input from an explicit IR recompute boundary
BOUNDARY node=870 operator=Join reason=weighted input from an explicit IR recompute boundary
BOUNDARY node=871 operator=Mfp reason=weighted input from an explicit IR recompute boundary
BOUNDARY node=872 operator=Mint reason=weighted input from an explicit IR recompute boundary
BOUNDARY node=873 operator=Mint reason=weighted input from an explicit IR recompute boundary
BOUNDARY node=874 operator=Mint reason=weighted input from an explicit IR recompute boundary
BOUNDARY node=876 operator=Mfp reason=weighted input from an explicit IR recompute boundary
BOUNDARY node=877 operator=Mint reason=weighted input from an explicit IR recompute boundary
BOUNDARY node=878 operator=Mfp reason=weighted input from an explicit IR recompute boundary
BOUNDARY node=879 operator=Mint reason=weighted input from an explicit IR recompute boundary
BOUNDARY node=880 operator=Mint reason=weighted input from an explicit IR recompute boundary
BOUNDARY node=881 operator=Mfp reason=weighted input from an explicit IR recompute boundary
BOUNDARY node=882 operator=Join reason=weighted input from an explicit IR recompute boundary
BOUNDARY node=883 operator=Join reason=weighted input from an explicit IR recompute boundary
BOUNDARY node=884 operator=Mfp reason=weighted input from an explicit IR recompute boundary
BOUNDARY node=885 operator=Mint reason=weighted input from an explicit IR recompute boundary
BOUNDARY node=886 operator=Mint reason=weighted input from an explicit IR recompute boundary
BOUNDARY node=887 operator=Mint reason=weighted input from an explicit IR recompute boundary
BOUNDARY node=889 operator=Mfp reason=weighted input from an explicit IR recompute boundary
BOUNDARY node=890 operator=Mint reason=weighted input from an explicit IR recompute boundary
BOUNDARY node=891 operator=Mfp reason=weighted input from an explicit IR recompute boundary
BOUNDARY node=892 operator=Mint reason=weighted input from an explicit IR recompute boundary
BOUNDARY node=893 operator=Mint reason=weighted input from an explicit IR recompute boundary
BOUNDARY node=894 operator=Mfp reason=weighted input from an explicit IR recompute boundary
BOUNDARY node=895 operator=Join reason=weighted input from an explicit IR recompute boundary
BOUNDARY node=896 operator=Join reason=weighted input from an explicit IR recompute boundary
BOUNDARY node=897 operator=Mfp reason=weighted input from an explicit IR recompute boundary
BOUNDARY node=898 operator=Mint reason=weighted input from an explicit IR recompute boundary
BOUNDARY node=899 operator=Mint reason=weighted input from an explicit IR recompute boundary
BOUNDARY node=900 operator=Mint reason=weighted input from an explicit IR recompute boundary
BOUNDARY node=902 operator=Mfp reason=weighted input from an explicit IR recompute boundary
BOUNDARY node=903 operator=Mint reason=weighted input from an explicit IR recompute boundary
BOUNDARY node=904 operator=Mint reason=weighted input from an explicit IR recompute boundary
BOUNDARY node=905 operator=Mint reason=weighted input from an explicit IR recompute boundary
BOUNDARY node=906 operator=Mint reason=weighted input from an explicit IR recompute boundary
BOUNDARY node=907 operator=Mint reason=weighted input from an explicit IR recompute boundary
BOUNDARY node=908 operator=Mint reason=weighted input from an explicit IR recompute boundary
BOUNDARY node=909 operator=Mint reason=weighted input from an explicit IR recompute boundary
BOUNDARY node=910 operator=Mint reason=weighted input from an explicit IR recompute boundary
BOUNDARY node=911 operator=Mfp reason=weighted input from an explicit IR recompute boundary
BOUNDARY node=912 operator=Mint reason=weighted input from an explicit IR recompute boundary
BOUNDARY node=913 operator=Mint reason=weighted input from an explicit IR recompute boundary
BOUNDARY node=914 operator=Mfp reason=weighted input from an explicit IR recompute boundary
BOUNDARY node=915 operator=Mint reason=weighted input from an explicit IR recompute boundary
BOUNDARY node=916 operator=Mfp reason=weighted input from an explicit IR recompute boundary
BOUNDARY node=917 operator=Mint reason=weighted input from an explicit IR recompute boundary
BOUNDARY node=918 operator=Mint reason=weighted input from an explicit IR recompute boundary
BOUNDARY node=919 operator=Mfp reason=weighted input from an explicit IR recompute boundary
BOUNDARY node=920 operator=Join reason=weighted input from an explicit IR recompute boundary
BOUNDARY node=921 operator=Join reason=weighted input from an explicit IR recompute boundary
BOUNDARY node=922 operator=Mfp reason=weighted input from an explicit IR recompute boundary
BOUNDARY node=923 operator=Mint reason=weighted input from an explicit IR recompute boundary
BOUNDARY node=924 operator=Mint reason=weighted input from an explicit IR recompute boundary
BOUNDARY node=925 operator=Mint reason=weighted input from an explicit IR recompute boundary
BOUNDARY node=927 operator=Mfp reason=weighted input from an explicit IR recompute boundary
BOUNDARY node=1804 operator=Union reason=weighted input from an explicit IR recompute boundary
BOUNDARY node=1805 operator=Threshold reason=weighted input from an explicit IR recompute boundary
VIEW {"openivm_detail":"refresh_type=SIMPLE_PROJECTION; group_cols=0; model_nodes=3; group_recompute_mode=source_delta; scan_occurrences=1; model_domains=0; node_domains=0; lineage_entries=0; node_lineage=0; node_semantics=2; node_unsupported=0; delta_only_nodes=2; delta_state_nodes=0; affected_recompute_nodes=0; full_recompute_nodes=1","openivm_warning":"","operator":"Get","sql":"SELECT * FROM r71","type":"SIMPLE_PROJECTION","type_code":2,"view":"n1806"}
BOUNDARY node=1334 operator=Get reason=weighted input from an explicit IR recompute boundary
BOUNDARY node=1339 operator=Mfp reason=weighted input from an explicit IR recompute boundary
BOUNDARY node=1807 operator=Union reason=weighted input from an explicit IR recompute boundary
BOUNDARY node=1808 operator=Threshold reason=weighted input from an explicit IR recompute boundary
VIEW {"openivm_detail":"refresh_type=SIMPLE_PROJECTION; group_cols=0; model_nodes=3; group_recompute_mode=source_delta; scan_occurrences=1; model_domains=0; node_domains=0; lineage_entries=0; node_lineage=0; node_semantics=2; node_unsupported=0; delta_only_nodes=2; delta_state_nodes=0; affected_recompute_nodes=0; full_recompute_nodes=1","openivm_warning":"","operator":"Get","sql":"SELECT * FROM r89","type":"SIMPLE_PROJECTION","type_code":2,"view":"n1809"}
BOUNDARY node=1258 operator=Get reason=LetRec round body
BOUNDARY node=1269 operator=Join reason=weighted input from an explicit IR recompute boundary
BOUNDARY node=1270 operator=Join reason=weighted input from an explicit IR recompute boundary
BOUNDARY node=1271 operator=Join reason=weighted input from an explicit IR recompute boundary
BOUNDARY node=1272 operator=Join reason=weighted input from an explicit IR recompute boundary
BOUNDARY node=1273 operator=Join reason=weighted input from an explicit IR recompute boundary
BOUNDARY node=1274 operator=Mfp reason=weighted input from an explicit IR recompute boundary
BOUNDARY node=1810 operator=Union reason=weighted input from an explicit IR recompute boundary
BOUNDARY node=1811 operator=Threshold reason=weighted input from an explicit IR recompute boundary
VIEW {"openivm_detail":"refresh_type=SIMPLE_PROJECTION; group_cols=0; model_nodes=3; group_recompute_mode=source_delta; scan_occurrences=1; model_domains=0; node_domains=0; lineage_entries=0; node_lineage=0; node_semantics=2; node_unsupported=0; delta_only_nodes=2; delta_state_nodes=0; affected_recompute_nodes=0; full_recompute_nodes=1","openivm_warning":"","operator":"Get","sql":"SELECT * FROM r129","type":"SIMPLE_PROJECTION","type_code":2,"view":"n1812"}
BOUNDARY node=1094 operator=Get reason=weighted input from an explicit IR recompute boundary
BOUNDARY node=1095 operator=Mfp reason=weighted input from an explicit IR recompute boundary
BOUNDARY node=1813 operator=Union reason=weighted input from an explicit IR recompute boundary
BOUNDARY node=1814 operator=Threshold reason=weighted input from an explicit IR recompute boundary
VIEW {"openivm_detail":"refresh_type=SIMPLE_PROJECTION; group_cols=0; model_nodes=3; group_recompute_mode=source_delta; scan_occurrences=1; model_domains=0; node_domains=0; lineage_entries=0; node_lineage=0; node_semantics=2; node_unsupported=0; delta_only_nodes=2; delta_state_nodes=0; affected_recompute_nodes=0; full_recompute_nodes=1","openivm_warning":"","operator":"Get","sql":"SELECT * FROM r73","type":"SIMPLE_PROJECTION","type_code":2,"view":"n1815"}
BOUNDARY node=1330 operator=Mfp reason=weighted input from an explicit IR recompute boundary
BOUNDARY node=1331 operator=Get reason=weighted input from an explicit IR recompute boundary
BOUNDARY node=1332 operator=Antijoin reason=weighted input from an explicit IR recompute boundary
BOUNDARY node=1333 operator=Mfp reason=weighted input from an explicit IR recompute boundary
BOUNDARY node=1335 operator=Reduce reason=weighted input from an explicit IR recompute boundary
BOUNDARY node=1336 operator=Mint reason=weighted input from an explicit IR recompute boundary
BOUNDARY node=1337 operator=Mint reason=weighted input from an explicit IR recompute boundary
BOUNDARY node=1338 operator=Mfp reason=weighted input from an explicit IR recompute boundary
BOUNDARY node=1816 operator=Union reason=weighted input from an explicit IR recompute boundary
BOUNDARY node=1817 operator=Threshold reason=weighted input from an explicit IR recompute boundary
VIEW {"openivm_detail":"refresh_type=SIMPLE_PROJECTION; group_cols=0; model_nodes=3; group_recompute_mode=source_delta; scan_occurrences=1; model_domains=0; node_domains=0; lineage_entries=0; node_lineage=0; node_semantics=2; node_unsupported=0; delta_only_nodes=2; delta_state_nodes=0; affected_recompute_nodes=0; full_recompute_nodes=1","openivm_warning":"","operator":"Get","sql":"SELECT * FROM r91","type":"SIMPLE_PROJECTION","type_code":2,"view":"n1818"}
BOUNDARY node=1263 operator=Get reason=weighted input from an explicit IR recompute boundary
BOUNDARY node=1268 operator=Mfp reason=weighted input from an explicit IR recompute boundary
BOUNDARY node=1819 operator=Union reason=weighted input from an explicit IR recompute boundary
BOUNDARY node=1820 operator=Threshold reason=weighted input from an explicit IR recompute boundary
VIEW {"openivm_detail":"refresh_type=SIMPLE_PROJECTION; group_cols=0; model_nodes=3; group_recompute_mode=source_delta; scan_occurrences=1; model_domains=0; node_domains=0; lineage_entries=0; node_lineage=0; node_semantics=2; node_unsupported=0; delta_only_nodes=2; delta_state_nodes=0; affected_recompute_nodes=0; full_recompute_nodes=1","openivm_warning":"","operator":"Get","sql":"SELECT * FROM r131","type":"SIMPLE_PROJECTION","type_code":2,"view":"n1821"}
BOUNDARY node=1091 operator=Get reason=weighted input from an explicit IR recompute boundary
BOUNDARY node=1092 operator=Antijoin reason=weighted input from an explicit IR recompute boundary
BOUNDARY node=1093 operator=Mfp reason=weighted input from an explicit IR recompute boundary
BOUNDARY node=1822 operator=Union reason=weighted input from an explicit IR recompute boundary
BOUNDARY node=1823 operator=Threshold reason=weighted input from an explicit IR recompute boundary
VIEW {"openivm_detail":"refresh_type=SIMPLE_PROJECTION; group_cols=0; model_nodes=3; group_recompute_mode=source_delta; scan_occurrences=1; model_domains=0; node_domains=0; lineage_entries=0; node_lineage=0; node_semantics=2; node_unsupported=0; delta_only_nodes=2; delta_state_nodes=0; affected_recompute_nodes=0; full_recompute_nodes=1","openivm_warning":"","operator":"Get","sql":"SELECT * FROM r209","type":"SIMPLE_PROJECTION","type_code":2,"view":"n1824"}
BOUNDARY node=131 operator=Get reason=weighted input from an explicit IR recompute boundary
VIEW {"openivm_detail":"refresh_type=SIMPLE_PROJECTION; group_cols=0; model_nodes=5; group_recompute_mode=source_delta; scan_occurrences=1; model_domains=0; node_domains=0; lineage_entries=0; node_lineage=0; node_semantics=6; node_unsupported=0; delta_only_nodes=4; delta_state_nodes=0; affected_recompute_nodes=0; full_recompute_nodes=1","openivm_warning":"","operator":"Get","sql":"SELECT * FROM r208","type":"SIMPLE_PROJECTION","type_code":2,"view":"n132"}
BOUNDARY node=133 operator=Join reason=weighted input from an explicit IR recompute boundary
BOUNDARY node=134 operator=Mfp reason=weighted input from an explicit IR recompute boundary
BOUNDARY node=135 operator=Mint reason=weighted input from an explicit IR recompute boundary
BOUNDARY node=136 operator=Mint reason=weighted input from an explicit IR recompute boundary
BOUNDARY node=137 operator=Mfp reason=weighted input from an explicit IR recompute boundary
BOUNDARY node=138 operator=Mint reason=weighted input from an explicit IR recompute boundary
BOUNDARY node=139 operator=Mint reason=weighted input from an explicit IR recompute boundary
BOUNDARY node=140 operator=Mfp reason=weighted input from an explicit IR recompute boundary
BOUNDARY node=141 operator=Antijoin reason=weighted input from an explicit IR recompute boundary
BOUNDARY node=142 operator=Mfp reason=weighted input from an explicit IR recompute boundary
BOUNDARY node=143 operator=Mint reason=weighted input from an explicit IR recompute boundary
BOUNDARY node=144 operator=Mfp reason=weighted input from an explicit IR recompute boundary
BOUNDARY node=145 operator=Mint reason=weighted input from an explicit IR recompute boundary
BOUNDARY node=146 operator=Mint reason=weighted input from an explicit IR recompute boundary
BOUNDARY node=147 operator=Mfp reason=weighted input from an explicit IR recompute boundary
BOUNDARY node=148 operator=Join reason=weighted input from an explicit IR recompute boundary
BOUNDARY node=149 operator=Join reason=weighted input from an explicit IR recompute boundary
BOUNDARY node=150 operator=Mfp reason=weighted input from an explicit IR recompute boundary
BOUNDARY node=151 operator=Mint reason=weighted input from an explicit IR recompute boundary
BOUNDARY node=152 operator=Mint reason=weighted input from an explicit IR recompute boundary
BOUNDARY node=153 operator=Mint reason=weighted input from an explicit IR recompute boundary
BOUNDARY node=155 operator=Mfp reason=weighted input from an explicit IR recompute boundary
BOUNDARY node=156 operator=Mint reason=weighted input from an explicit IR recompute boundary
BOUNDARY node=157 operator=Mint reason=weighted input from an explicit IR recompute boundary
BOUNDARY node=158 operator=Mfp reason=weighted input from an explicit IR recompute boundary
BOUNDARY node=159 operator=Mint reason=weighted input from an explicit IR recompute boundary
BOUNDARY node=160 operator=Mint reason=weighted input from an explicit IR recompute boundary
BOUNDARY node=161 operator=Mfp reason=weighted input from an explicit IR recompute boundary
BOUNDARY node=162 operator=Mint reason=weighted input from an explicit IR recompute boundary
BOUNDARY node=163 operator=Mfp reason=weighted input from an explicit IR recompute boundary
BOUNDARY node=164 operator=Mint reason=weighted input from an explicit IR recompute boundary
BOUNDARY node=165 operator=Mint reason=weighted input from an explicit IR recompute boundary
BOUNDARY node=166 operator=Mfp reason=weighted input from an explicit IR recompute boundary
BOUNDARY node=167 operator=Join reason=weighted input from an explicit IR recompute boundary
BOUNDARY node=168 operator=Join reason=weighted input from an explicit IR recompute boundary
BOUNDARY node=169 operator=Mfp reason=weighted input from an explicit IR recompute boundary
BOUNDARY node=170 operator=Mint reason=weighted input from an explicit IR recompute boundary
BOUNDARY node=171 operator=Mint reason=weighted input from an explicit IR recompute boundary
BOUNDARY node=172 operator=Mint reason=weighted input from an explicit IR recompute boundary
BOUNDARY node=174 operator=Mfp reason=weighted input from an explicit IR recompute boundary
BOUNDARY node=175 operator=Mint reason=weighted input from an explicit IR recompute boundary
BOUNDARY node=176 operator=Mint reason=weighted input from an explicit IR recompute boundary
BOUNDARY node=177 operator=Mfp reason=weighted input from an explicit IR recompute boundary
BOUNDARY node=178 operator=Mint reason=weighted input from an explicit IR recompute boundary
BOUNDARY node=179 operator=Mint reason=weighted input from an explicit IR recompute boundary
BOUNDARY node=180 operator=Mfp reason=weighted input from an explicit IR recompute boundary
BOUNDARY node=1825 operator=Union reason=weighted input from an explicit IR recompute boundary
BOUNDARY node=1826 operator=Threshold reason=weighted input from an explicit IR recompute boundary
VIEW {"openivm_detail":"refresh_type=SIMPLE_PROJECTION; group_cols=0; model_nodes=3; group_recompute_mode=source_delta; scan_occurrences=1; model_domains=0; node_domains=0; lineage_entries=0; node_lineage=0; node_semantics=2; node_unsupported=0; delta_only_nodes=2; delta_state_nodes=0; affected_recompute_nodes=0; full_recompute_nodes=1","openivm_warning":"","operator":"Get","sql":"SELECT * FROM r267","type":"SIMPLE_PROJECTION","type_code":2,"view":"n1827"}
BOUNDARY node=154 operator=Mfp reason=weighted input from an explicit IR recompute boundary
BOUNDARY node=173 operator=Mfp reason=weighted input from an explicit IR recompute boundary
BOUNDARY node=516 operator=Mfp reason=weighted input from an explicit IR recompute boundary
BOUNDARY node=529 operator=Mfp reason=weighted input from an explicit IR recompute boundary
BOUNDARY node=542 operator=Mfp reason=weighted input from an explicit IR recompute boundary
BOUNDARY node=555 operator=Mfp reason=weighted input from an explicit IR recompute boundary
BOUNDARY node=568 operator=Mfp reason=weighted input from an explicit IR recompute boundary
BOUNDARY node=590 operator=Mfp reason=weighted input from an explicit IR recompute boundary
BOUNDARY node=604 operator=Mfp reason=weighted input from an explicit IR recompute boundary
BOUNDARY node=617 operator=Mfp reason=weighted input from an explicit IR recompute boundary
BOUNDARY node=630 operator=Mfp reason=weighted input from an explicit IR recompute boundary
BOUNDARY node=650 operator=Mfp reason=weighted input from an explicit IR recompute boundary
BOUNDARY node=666 operator=Mfp reason=weighted input from an explicit IR recompute boundary
BOUNDARY node=679 operator=Mfp reason=weighted input from an explicit IR recompute boundary
BOUNDARY node=698 operator=Mfp reason=weighted input from an explicit IR recompute boundary
BOUNDARY node=712 operator=Mfp reason=weighted input from an explicit IR recompute boundary
BOUNDARY node=726 operator=Mfp reason=weighted input from an explicit IR recompute boundary
BOUNDARY node=739 operator=Mfp reason=weighted input from an explicit IR recompute boundary
BOUNDARY node=752 operator=Mfp reason=weighted input from an explicit IR recompute boundary
BOUNDARY node=765 operator=Mfp reason=weighted input from an explicit IR recompute boundary
BOUNDARY node=778 operator=Mfp reason=weighted input from an explicit IR recompute boundary
BOUNDARY node=791 operator=Mfp reason=weighted input from an explicit IR recompute boundary
BOUNDARY node=804 operator=Mfp reason=weighted input from an explicit IR recompute boundary
BOUNDARY node=828 operator=Mfp reason=weighted input from an explicit IR recompute boundary
BOUNDARY node=849 operator=Mfp reason=weighted input from an explicit IR recompute boundary
BOUNDARY node=862 operator=Mfp reason=weighted input from an explicit IR recompute boundary
BOUNDARY node=875 operator=Mfp reason=weighted input from an explicit IR recompute boundary
BOUNDARY node=888 operator=Mfp reason=weighted input from an explicit IR recompute boundary
BOUNDARY node=901 operator=Mfp reason=weighted input from an explicit IR recompute boundary
BOUNDARY node=926 operator=Mfp reason=weighted input from an explicit IR recompute boundary
BOUNDARY node=1683 operator=Get reason=weighted input from an explicit IR recompute boundary
BOUNDARY node=1828 operator=Union reason=weighted input from an explicit IR recompute boundary
BOUNDARY node=1829 operator=Threshold reason=weighted input from an explicit IR recompute boundary
VIEW {"openivm_detail":"refresh_type=SIMPLE_PROJECTION; group_cols=0; model_nodes=3; group_recompute_mode=source_delta; scan_occurrences=1; model_domains=0; node_domains=0; lineage_entries=0; node_lineage=0; node_semantics=2; node_unsupported=0; delta_only_nodes=2; delta_state_nodes=0; affected_recompute_nodes=0; full_recompute_nodes=1","openivm_warning":"","operator":"Get","sql":"SELECT * FROM r49","type":"SIMPLE_PROJECTION","type_code":2,"view":"n1830"}
BOUNDARY node=1048 operator=Get reason=weighted input from an explicit IR recompute boundary
BOUNDARY node=1114 operator=Join reason=weighted input from an explicit IR recompute boundary
VIEW {"openivm_detail":"refresh_type=SIMPLE_PROJECTION; group_cols=0; model_nodes=3; group_recompute_mode=source_delta; scan_occurrences=1; model_domains=0; node_domains=0; lineage_entries=0; node_lineage=0; node_semantics=2; node_unsupported=0; delta_only_nodes=2; delta_state_nodes=0; affected_recompute_nodes=0; full_recompute_nodes=1","openivm_warning":"","operator":"Mfp","sql":"SELECT s.c0 AS c0,(116859)::BIGINT AS c1,111 AS c2 FROM n52 s ","type":"SIMPLE_PROJECTION","type_code":2,"view":"n1115"}
BOUNDARY node=1051 operator=Get reason=LetRec round body
BOUNDARY node=1116 operator=Join reason=weighted input from an explicit IR recompute boundary
BOUNDARY node=1117 operator=Join reason=weighted input from an explicit IR recompute boundary
BOUNDARY node=1831 operator=Union reason=weighted input from an explicit IR recompute boundary
BOUNDARY node=1832 operator=Threshold reason=weighted input from an explicit IR recompute boundary
BOUNDARY node=86 operator=Get reason=LetRec round body
BOUNDARY node=87 operator=Mfp reason=LetRec round body
BOUNDARY node=88 operator=Window reason=dictionary scalar lookup; excluded from OpenIVM NUL-sensitive change tracking
BOUNDARY node=1833 operator=Threshold reason=weighted input from an explicit IR recompute boundary
BOUNDARY node=89 operator=Reduce reason=LetRec round body
BOUNDARY node=90 operator=Mfp reason=LetRec round body
BOUNDARY node=91 operator=Get reason=LetRec round body
BOUNDARY node=92 operator=Mfp reason=LetRec round body
BOUNDARY node=93 operator=Get reason=LetRec round body
BOUNDARY node=94 operator=Join reason=LetRec round body
BOUNDARY node=95 operator=Join reason=LetRec round body
BOUNDARY node=96 operator=Join reason=LetRec round body
BOUNDARY node=97 operator=Mfp reason=LetRec round body
BOUNDARY node=98 operator=Join reason=LetRec round body
BOUNDARY node=99 operator=Join reason=LetRec round body
BOUNDARY node=100 operator=Mfp reason=LetRec round body
BOUNDARY node=101 operator=Mint reason=LetRec round body
BOUNDARY node=102 operator=Mint reason=LetRec round body
BOUNDARY node=103 operator=Mfp reason=LetRec round body
BOUNDARY node=104 operator=Mint reason=LetRec round body
BOUNDARY node=105 operator=Mint reason=LetRec round body
BOUNDARY node=106 operator=Antijoin reason=LetRec round body
BOUNDARY node=107 operator=Mfp reason=LetRec round body
BOUNDARY node=108 operator=Mint reason=LetRec round body
BOUNDARY node=109 operator=Mfp reason=LetRec round body
BOUNDARY node=110 operator=Mint reason=LetRec round body
BOUNDARY node=111 operator=Mint reason=LetRec round body
BOUNDARY node=112 operator=Mfp reason=LetRec round body
BOUNDARY node=113 operator=Join reason=LetRec round body
BOUNDARY node=114 operator=Join reason=LetRec round body
BOUNDARY node=115 operator=Mfp reason=LetRec round body
BOUNDARY node=116 operator=Mint reason=LetRec round body
BOUNDARY node=117 operator=Mint reason=LetRec round body
BOUNDARY node=118 operator=Mint reason=LetRec round body
BOUNDARY node=120 operator=Mfp reason=LetRec round body
BOUNDARY node=121 operator=Join reason=LetRec round body
BOUNDARY node=122 operator=Join reason=LetRec round body
BOUNDARY node=123 operator=Join reason=LetRec round body
BOUNDARY node=124 operator=Mfp reason=LetRec round body
BOUNDARY node=125 operator=Join reason=LetRec round body
BOUNDARY node=126 operator=Join reason=LetRec round body
BOUNDARY node=127 operator=Mfp reason=LetRec round body
BOUNDARY node=128 operator=Union reason=LetRec round body
VIEW {"openivm_detail":"refresh_type=SIMPLE_PROJECTION; group_cols=0; model_nodes=3; group_recompute_mode=source_delta; scan_occurrences=1; model_domains=0; node_domains=0; lineage_entries=0; node_lineage=0; node_semantics=2; node_unsupported=0; delta_only_nodes=2; delta_state_nodes=0; affected_recompute_nodes=0; full_recompute_nodes=1","openivm_warning":"","operator":"Get","sql":"SELECT * FROM r59","type":"SIMPLE_PROJECTION","type_code":2,"view":"n1834"}
BOUNDARY node=129 operator=Reduce reason=weighted input from an explicit IR recompute boundary
BOUNDARY node=130 operator=Join reason=weighted input from an explicit IR recompute boundary
BOUNDARY node=1835 operator=Union reason=weighted input from an explicit IR recompute boundary
BOUNDARY node=1836 operator=Threshold reason=weighted input from an explicit IR recompute boundary
VIEW {"openivm_detail":"refresh_type=SIMPLE_PROJECTION; group_cols=0; model_nodes=3; group_recompute_mode=source_delta; scan_occurrences=1; model_domains=0; node_domains=0; lineage_entries=0; node_lineage=0; node_semantics=2; node_unsupported=0; delta_only_nodes=2; delta_state_nodes=0; affected_recompute_nodes=0; full_recompute_nodes=1","openivm_warning":"","operator":"Get","sql":"SELECT * FROM r93","type":"SIMPLE_PROJECTION","type_code":2,"view":"n1837"}
BOUNDARY node=1259 operator=Mfp reason=weighted input from an explicit IR recompute boundary
BOUNDARY node=1260 operator=Get reason=weighted input from an explicit IR recompute boundary
BOUNDARY node=1261 operator=Antijoin reason=weighted input from an explicit IR recompute boundary
BOUNDARY node=1262 operator=Mfp reason=weighted input from an explicit IR recompute boundary
BOUNDARY node=1264 operator=Reduce reason=weighted input from an explicit IR recompute boundary
BOUNDARY node=1265 operator=Mint reason=weighted input from an explicit IR recompute boundary
BOUNDARY node=1266 operator=Mint reason=weighted input from an explicit IR recompute boundary
BOUNDARY node=1267 operator=Mfp reason=weighted input from an explicit IR recompute boundary
BOUNDARY node=1838 operator=Union reason=weighted input from an explicit IR recompute boundary
BOUNDARY node=1839 operator=Threshold reason=weighted input from an explicit IR recompute boundary
VIEW {"openivm_detail":"refresh_type=SIMPLE_PROJECTION; group_cols=0; model_nodes=3; group_recompute_mode=source_delta; scan_occurrences=1; model_domains=0; node_domains=0; lineage_entries=0; node_lineage=0; node_semantics=2; node_unsupported=0; delta_only_nodes=2; delta_state_nodes=0; affected_recompute_nodes=0; full_recompute_nodes=1","openivm_warning":"","operator":"Get","sql":"SELECT * FROM r133","type":"SIMPLE_PROJECTION","type_code":2,"view":"n1840"}
BOUNDARY node=1083 operator=Join reason=weighted input from an explicit IR recompute boundary
BOUNDARY node=1084 operator=Get reason=weighted input from an explicit IR recompute boundary
BOUNDARY node=1085 operator=Antijoin reason=weighted input from an explicit IR recompute boundary
BOUNDARY node=1086 operator=Mfp reason=weighted input from an explicit IR recompute boundary
BOUNDARY node=1087 operator=Join reason=weighted input from an explicit IR recompute boundary
BOUNDARY node=1088 operator=Mfp reason=weighted input from an explicit IR recompute boundary
BOUNDARY node=1841 operator=Union reason=weighted input from an explicit IR recompute boundary
BOUNDARY node=1842 operator=Threshold reason=weighted input from an explicit IR recompute boundary
VIEW {"openivm_detail":"refresh_type=SIMPLE_PROJECTION; group_cols=0; model_nodes=3; group_recompute_mode=source_delta; scan_occurrences=1; model_domains=0; node_domains=0; lineage_entries=0; node_lineage=0; node_semantics=2; node_unsupported=0; delta_only_nodes=2; delta_state_nodes=0; affected_recompute_nodes=0; full_recompute_nodes=1","openivm_warning":"","operator":"Get","sql":"SELECT * FROM r135","type":"SIMPLE_PROJECTION","type_code":2,"view":"n1843"}
BOUNDARY node=1054 operator=Get reason=LetRec round body
BOUNDARY node=1055 operator=Mfp reason=weighted input from an explicit IR recompute boundary
BOUNDARY node=1066 operator=Mfp reason=weighted input from an explicit IR recompute boundary
BOUNDARY node=1067 operator=Join reason=weighted input from an explicit IR recompute boundary
BOUNDARY node=1068 operator=Mfp reason=weighted input from an explicit IR recompute boundary
BOUNDARY node=1069 operator=Mfp reason=weighted input from an explicit IR recompute boundary
BOUNDARY node=1070 operator=Join reason=weighted input from an explicit IR recompute boundary
BOUNDARY node=1071 operator=Join reason=weighted input from an explicit IR recompute boundary
BOUNDARY node=1072 operator=Join reason=weighted input from an explicit IR recompute boundary
BOUNDARY node=1073 operator=Join reason=weighted input from an explicit IR recompute boundary
BOUNDARY node=1074 operator=Mfp reason=weighted input from an explicit IR recompute boundary
BOUNDARY node=1075 operator=Mfp reason=weighted input from an explicit IR recompute boundary
BOUNDARY node=1076 operator=Join reason=weighted input from an explicit IR recompute boundary
BOUNDARY node=1077 operator=Mfp reason=weighted input from an explicit IR recompute boundary
BOUNDARY node=1078 operator=Join reason=weighted input from an explicit IR recompute boundary
BOUNDARY node=1079 operator=Join reason=weighted input from an explicit IR recompute boundary
BOUNDARY node=1080 operator=Join reason=weighted input from an explicit IR recompute boundary
BOUNDARY node=1081 operator=Join reason=weighted input from an explicit IR recompute boundary
BOUNDARY node=1082 operator=Mfp reason=weighted input from an explicit IR recompute boundary
BOUNDARY node=1844 operator=Union reason=weighted input from an explicit IR recompute boundary
BOUNDARY node=1845 operator=Threshold reason=weighted input from an explicit IR recompute boundary
VIEW {"openivm_detail":"refresh_type=SIMPLE_PROJECTION; group_cols=0; model_nodes=3; group_recompute_mode=source_delta; scan_occurrences=1; model_domains=0; node_domains=0; lineage_entries=0; node_lineage=0; node_semantics=2; node_unsupported=0; delta_only_nodes=2; delta_state_nodes=0; affected_recompute_nodes=0; full_recompute_nodes=1","openivm_warning":"","operator":"Get","sql":"SELECT * FROM r215","type":"SIMPLE_PROJECTION","type_code":2,"view":"n1846"}
VIEW {"openivm_detail":"refresh_type=SIMPLE_PROJECTION; group_cols=0; model_nodes=5; group_recompute_mode=source_delta; scan_occurrences=1; model_domains=0; node_domains=0; lineage_entries=0; node_lineage=0; node_semantics=6; node_unsupported=0; delta_only_nodes=4; delta_state_nodes=0; affected_recompute_nodes=0; full_recompute_nodes=1","openivm_warning":"","operator":"Get","sql":"SELECT * FROM r214","type":"SIMPLE_PROJECTION","type_code":2,"view":"n55"}
BOUNDARY node=56 operator=Get reason=weighted input from an explicit IR recompute boundary
BOUNDARY node=57 operator=Join reason=weighted input from an explicit IR recompute boundary
BOUNDARY node=58 operator=Mfp reason=weighted input from an explicit IR recompute boundary
BOUNDARY node=59 operator=Mint reason=weighted input from an explicit IR recompute boundary
BOUNDARY node=60 operator=Mint reason=weighted input from an explicit IR recompute boundary
BOUNDARY node=61 operator=Mfp reason=weighted input from an explicit IR recompute boundary
BOUNDARY node=62 operator=Mint reason=weighted input from an explicit IR recompute boundary
BOUNDARY node=63 operator=Mint reason=weighted input from an explicit IR recompute boundary
BOUNDARY node=64 operator=Mfp reason=weighted input from an explicit IR recompute boundary
BOUNDARY node=65 operator=Get reason=LetRec round body
BOUNDARY node=66 operator=Mfp reason=LetRec round body
BOUNDARY node=67 operator=Mint reason=LetRec round body
BOUNDARY node=68 operator=Mfp reason=LetRec round body
BOUNDARY node=69 operator=Mint reason=LetRec round body
BOUNDARY node=70 operator=Mint reason=LetRec round body
BOUNDARY node=71 operator=Mfp reason=LetRec round body
BOUNDARY node=72 operator=Join reason=LetRec round body
BOUNDARY node=73 operator=Join reason=LetRec round body
BOUNDARY node=74 operator=Mfp reason=LetRec round body
BOUNDARY node=75 operator=Mint reason=LetRec round body
BOUNDARY node=76 operator=Mint reason=LetRec round body
BOUNDARY node=77 operator=Mint reason=LetRec round body
BOUNDARY node=79 operator=Mfp reason=weighted input from an explicit IR recompute boundary
BOUNDARY node=80 operator=Mint reason=weighted input from an explicit IR recompute boundary
BOUNDARY node=81 operator=Mint reason=weighted input from an explicit IR recompute boundary
BOUNDARY node=82 operator=Mfp reason=weighted input from an explicit IR recompute boundary
BOUNDARY node=83 operator=Mint reason=weighted input from an explicit IR recompute boundary
BOUNDARY node=84 operator=Mint reason=weighted input from an explicit IR recompute boundary
BOUNDARY node=85 operator=Mfp reason=weighted input from an explicit IR recompute boundary
BOUNDARY node=1847 operator=Union reason=weighted input from an explicit IR recompute boundary
BOUNDARY node=1848 operator=Threshold reason=weighted input from an explicit IR recompute boundary
VIEW {"openivm_detail":"refresh_type=SIMPLE_PROJECTION; group_cols=0; model_nodes=3; group_recompute_mode=source_delta; scan_occurrences=1; model_domains=0; node_domains=0; lineage_entries=0; node_lineage=0; node_semantics=2; node_unsupported=0; delta_only_nodes=2; delta_state_nodes=0; affected_recompute_nodes=0; full_recompute_nodes=1","openivm_warning":"","operator":"Get","sql":"SELECT * FROM r231","type":"SIMPLE_PROJECTION","type_code":2,"view":"n1849"}
BOUNDARY node=1034 operator=Get reason=weighted input from an explicit IR recompute boundary
BOUNDARY node=1035 operator=Mfp reason=weighted input from an explicit IR recompute boundary
VIEW {"openivm_detail":"refresh_type=SIMPLE_PROJECTION; group_cols=0; model_nodes=5; group_recompute_mode=source_delta; scan_occurrences=1; model_domains=0; node_domains=0; lineage_entries=0; node_lineage=0; node_semantics=6; node_unsupported=0; delta_only_nodes=4; delta_state_nodes=0; affected_recompute_nodes=0; full_recompute_nodes=1","openivm_warning":"","operator":"Get","sql":"SELECT * FROM r230","type":"SIMPLE_PROJECTION","type_code":2,"view":"n1039"}
BOUNDARY node=1040 operator=Join reason=weighted input from an explicit IR recompute boundary
BOUNDARY node=1041 operator=Mfp reason=weighted input from an explicit IR recompute boundary
BOUNDARY node=1042 operator=Join reason=weighted input from an explicit IR recompute boundary
BOUNDARY node=1043 operator=Join reason=weighted input from an explicit IR recompute boundary
BOUNDARY node=1044 operator=Mfp reason=weighted input from an explicit IR recompute boundary
BOUNDARY node=1045 operator=Join reason=weighted input from an explicit IR recompute boundary
BOUNDARY node=1046 operator=Join reason=weighted input from an explicit IR recompute boundary
BOUNDARY node=1047 operator=Mfp reason=weighted input from an explicit IR recompute boundary
BOUNDARY node=1049 operator=Join reason=weighted input from an explicit IR recompute boundary
BOUNDARY node=1050 operator=Mfp reason=constant-false filter: OpenIVM refresh rejects EMPTY_RESULT: Plan contains single node, this is not supported
BOUNDARY node=1052 operator=Join reason=weighted input from an explicit IR recompute boundary
BOUNDARY node=1053 operator=Join reason=weighted input from an explicit IR recompute boundary
BOUNDARY node=1850 operator=Union reason=weighted input from an explicit IR recompute boundary
BOUNDARY node=1851 operator=Threshold reason=weighted input from an explicit IR recompute boundary
VIEW {"openivm_detail":"refresh_type=SIMPLE_PROJECTION; group_cols=0; model_nodes=3; group_recompute_mode=source_delta; scan_occurrences=1; model_domains=0; node_domains=0; lineage_entries=0; node_lineage=0; node_semantics=2; node_unsupported=0; delta_only_nodes=2; delta_state_nodes=0; affected_recompute_nodes=0; full_recompute_nodes=1","openivm_warning":"","operator":"Get","sql":"SELECT * FROM r239","type":"SIMPLE_PROJECTION","type_code":2,"view":"n1852"}
VIEW {"openivm_detail":"refresh_type=SIMPLE_PROJECTION; group_cols=0; model_nodes=5; group_recompute_mode=source_delta; scan_occurrences=1; model_domains=0; node_domains=0; lineage_entries=0; node_lineage=0; node_semantics=6; node_unsupported=0; delta_only_nodes=4; delta_state_nodes=0; affected_recompute_nodes=0; full_recompute_nodes=1","openivm_warning":"","operator":"Get","sql":"SELECT * FROM r238","type":"SIMPLE_PROJECTION","type_code":2,"view":"n1361"}
BOUNDARY node=1362 operator=Join reason=weighted input from an explicit IR recompute boundary
BOUNDARY node=1363 operator=Mfp reason=weighted input from an explicit IR recompute boundary
BOUNDARY node=1364 operator=Join reason=weighted input from an explicit IR recompute boundary
BOUNDARY node=1365 operator=Join reason=weighted input from an explicit IR recompute boundary
BOUNDARY node=1366 operator=Mfp reason=weighted input from an explicit IR recompute boundary
BOUNDARY node=1367 operator=Join reason=weighted input from an explicit IR recompute boundary
BOUNDARY node=1368 operator=Join reason=weighted input from an explicit IR recompute boundary
BOUNDARY node=1369 operator=Mfp reason=weighted input from an explicit IR recompute boundary
BOUNDARY node=1370 operator=Join reason=weighted input from an explicit IR recompute boundary
BOUNDARY node=1371 operator=Mfp reason=constant-false filter: OpenIVM refresh rejects EMPTY_RESULT: Plan contains single node, this is not supported
BOUNDARY node=1372 operator=Join reason=weighted input from an explicit IR recompute boundary
BOUNDARY node=1373 operator=Join reason=weighted input from an explicit IR recompute boundary
BOUNDARY node=1853 operator=Union reason=weighted input from an explicit IR recompute boundary
BOUNDARY node=1854 operator=Threshold reason=weighted input from an explicit IR recompute boundary
VIEW {"openivm_detail":"refresh_type=SIMPLE_PROJECTION; group_cols=0; model_nodes=3; group_recompute_mode=source_delta; scan_occurrences=1; model_domains=0; node_domains=0; lineage_entries=0; node_lineage=0; node_semantics=2; node_unsupported=0; delta_only_nodes=2; delta_state_nodes=0; affected_recompute_nodes=0; full_recompute_nodes=1","openivm_warning":"","operator":"Get","sql":"SELECT * FROM r243","type":"SIMPLE_PROJECTION","type_code":2,"view":"n1855"}
VIEW {"openivm_detail":"refresh_type=SIMPLE_PROJECTION; group_cols=0; model_nodes=5; group_recompute_mode=source_delta; scan_occurrences=1; model_domains=0; node_domains=0; lineage_entries=0; node_lineage=0; node_semantics=6; node_unsupported=0; delta_only_nodes=4; delta_state_nodes=0; affected_recompute_nodes=0; full_recompute_nodes=1","openivm_warning":"","operator":"Get","sql":"SELECT * FROM r242","type":"SIMPLE_PROJECTION","type_code":2,"view":"n1401"}
BOUNDARY node=1402 operator=Join reason=weighted input from an explicit IR recompute boundary
BOUNDARY node=1403 operator=Mfp reason=weighted input from an explicit IR recompute boundary
BOUNDARY node=1404 operator=Join reason=weighted input from an explicit IR recompute boundary
BOUNDARY node=1405 operator=Join reason=weighted input from an explicit IR recompute boundary
BOUNDARY node=1406 operator=Mfp reason=weighted input from an explicit IR recompute boundary
BOUNDARY node=1407 operator=Join reason=weighted input from an explicit IR recompute boundary
BOUNDARY node=1408 operator=Join reason=weighted input from an explicit IR recompute boundary
BOUNDARY node=1409 operator=Mfp reason=weighted input from an explicit IR recompute boundary
BOUNDARY node=1410 operator=Join reason=weighted input from an explicit IR recompute boundary
BOUNDARY node=1411 operator=Mfp reason=constant-false filter: OpenIVM refresh rejects EMPTY_RESULT: Plan contains single node, this is not supported
BOUNDARY node=1412 operator=Join reason=weighted input from an explicit IR recompute boundary
BOUNDARY node=1413 operator=Join reason=weighted input from an explicit IR recompute boundary
BOUNDARY node=1856 operator=Union reason=weighted input from an explicit IR recompute boundary
BOUNDARY node=1857 operator=Threshold reason=weighted input from an explicit IR recompute boundary
BOUNDARY node=0 operator=Get reason=LetRec round body
BOUNDARY node=1 operator=Mfp reason=LetRec round body
BOUNDARY node=2 operator=Window reason=dictionary scalar lookup; excluded from OpenIVM NUL-sensitive change tracking
BOUNDARY node=1858 operator=Threshold reason=weighted input from an explicit IR recompute boundary
BOUNDARY node=3 operator=Reduce reason=LetRec round body
BOUNDARY node=4 operator=Mfp reason=LetRec round body
BOUNDARY node=5 operator=Get reason=LetRec round body
BOUNDARY node=6 operator=Mfp reason=LetRec round body
BOUNDARY node=7 operator=Get reason=LetRec round body
BOUNDARY node=8 operator=Join reason=LetRec round body
BOUNDARY node=10 operator=Join reason=LetRec round body
BOUNDARY node=12 operator=Join reason=LetRec round body
BOUNDARY node=13 operator=Mfp reason=LetRec round body
BOUNDARY node=15 operator=Join reason=LetRec round body
BOUNDARY node=16 operator=Join reason=LetRec round body
BOUNDARY node=17 operator=Mfp reason=LetRec round body
BOUNDARY node=18 operator=Mint reason=LetRec round body
BOUNDARY node=19 operator=Mint reason=LetRec round body
BOUNDARY node=20 operator=Mfp reason=LetRec round body
BOUNDARY node=21 operator=Mint reason=LetRec round body
BOUNDARY node=22 operator=Mint reason=LetRec round body
BOUNDARY node=25 operator=Antijoin reason=LetRec round body
BOUNDARY node=26 operator=Mfp reason=LetRec round body
BOUNDARY node=27 operator=Mint reason=LetRec round body
BOUNDARY node=28 operator=Mfp reason=LetRec round body
BOUNDARY node=29 operator=Mint reason=LetRec round body
BOUNDARY node=30 operator=Mint reason=LetRec round body
BOUNDARY node=31 operator=Mfp reason=LetRec round body
BOUNDARY node=32 operator=Join reason=LetRec round body
BOUNDARY node=34 operator=Join reason=LetRec round body
BOUNDARY node=35 operator=Mfp reason=LetRec round body
BOUNDARY node=36 operator=Mint reason=LetRec round body
BOUNDARY node=37 operator=Mint reason=LetRec round body
BOUNDARY node=38 operator=Mint reason=LetRec round body
BOUNDARY node=40 operator=Mfp reason=LetRec round body
BOUNDARY node=41 operator=Join reason=LetRec round body
BOUNDARY node=42 operator=Join reason=LetRec round body
BOUNDARY node=43 operator=Join reason=LetRec round body
BOUNDARY node=44 operator=Mfp reason=LetRec round body
BOUNDARY node=45 operator=Join reason=LetRec round body
BOUNDARY node=46 operator=Join reason=LetRec round body
BOUNDARY node=47 operator=Mfp reason=LetRec round body
BOUNDARY node=48 operator=Union reason=LetRec round body
VIEW {"openivm_detail":"refresh_type=SIMPLE_PROJECTION; group_cols=0; model_nodes=3; group_recompute_mode=source_delta; scan_occurrences=1; model_domains=0; node_domains=0; lineage_entries=0; node_lineage=0; node_semantics=2; node_unsupported=0; delta_only_nodes=2; delta_state_nodes=0; affected_recompute_nodes=0; full_recompute_nodes=1","openivm_warning":"","operator":"Get","sql":"SELECT * FROM r61","type":"SIMPLE_PROJECTION","type_code":2,"view":"n1859"}
BOUNDARY node=49 operator=Reduce reason=weighted input from an explicit IR recompute boundary
BOUNDARY node=50 operator=Join reason=weighted input from an explicit IR recompute boundary
BOUNDARY node=1860 operator=Union reason=weighted input from an explicit IR recompute boundary
BOUNDARY node=1861 operator=Threshold reason=weighted input from an explicit IR recompute boundary
VIEW {"openivm_detail":"refresh_type=SIMPLE_PROJECTION; group_cols=0; model_nodes=3; group_recompute_mode=source_delta; scan_occurrences=1; model_domains=0; node_domains=0; lineage_entries=0; node_lineage=0; node_semantics=2; node_unsupported=0; delta_only_nodes=2; delta_state_nodes=0; affected_recompute_nodes=0; full_recompute_nodes=1","openivm_warning":"","operator":"Get","sql":"SELECT * FROM r137","type":"SIMPLE_PROJECTION","type_code":2,"view":"n1862"}
BOUNDARY node=1059 operator=Get reason=weighted input from an explicit IR recompute boundary
BOUNDARY node=1060 operator=Mfp reason=weighted input from an explicit IR recompute boundary
BOUNDARY node=1065 operator=Mfp reason=weighted input from an explicit IR recompute boundary
BOUNDARY node=1863 operator=Union reason=weighted input from an explicit IR recompute boundary
BOUNDARY node=1864 operator=Threshold reason=weighted input from an explicit IR recompute boundary
VIEW {"openivm_detail":"refresh_type=SIMPLE_PROJECTION; group_cols=0; model_nodes=3; group_recompute_mode=source_delta; scan_occurrences=1; model_domains=0; node_domains=0; lineage_entries=0; node_lineage=0; node_semantics=2; node_unsupported=0; delta_only_nodes=2; delta_state_nodes=0; affected_recompute_nodes=0; full_recompute_nodes=1","openivm_warning":"","operator":"Get","sql":"SELECT * FROM r141","type":"SIMPLE_PROJECTION","type_code":2,"view":"n1865"}
BOUNDARY node=1037 operator=Get reason=weighted input from an explicit IR recompute boundary
BOUNDARY node=1038 operator=Mfp reason=weighted input from an explicit IR recompute boundary
BOUNDARY node=1866 operator=Union reason=weighted input from an explicit IR recompute boundary
BOUNDARY node=1867 operator=Threshold reason=weighted input from an explicit IR recompute boundary
VIEW {"openivm_detail":"refresh_type=SIMPLE_PROJECTION; group_cols=0; model_nodes=3; group_recompute_mode=source_delta; scan_occurrences=1; model_domains=0; node_domains=0; lineage_entries=0; node_lineage=0; node_semantics=2; node_unsupported=0; delta_only_nodes=2; delta_state_nodes=0; affected_recompute_nodes=0; full_recompute_nodes=1","openivm_warning":"","operator":"Get","sql":"SELECT * FROM r139","type":"SIMPLE_PROJECTION","type_code":2,"view":"n1868"}
BOUNDARY node=1056 operator=Get reason=weighted input from an explicit IR recompute boundary
BOUNDARY node=1057 operator=Antijoin reason=weighted input from an explicit IR recompute boundary
BOUNDARY node=1058 operator=Mfp reason=weighted input from an explicit IR recompute boundary
BOUNDARY node=1061 operator=Reduce reason=weighted input from an explicit IR recompute boundary
BOUNDARY node=1062 operator=Mint reason=weighted input from an explicit IR recompute boundary
BOUNDARY node=1063 operator=Mint reason=weighted input from an explicit IR recompute boundary
BOUNDARY node=1064 operator=Mfp reason=weighted input from an explicit IR recompute boundary
BOUNDARY node=1869 operator=Union reason=weighted input from an explicit IR recompute boundary
BOUNDARY node=1870 operator=Threshold reason=weighted input from an explicit IR recompute boundary
BOUNDARY node=1871 operator=Get reason=LetRec round body
BOUNDARY node=960 operator=Get reason=LetRec round body
BOUNDARY node=961 operator=Get reason=LetRec round body
BOUNDARY node=962 operator=Antijoin reason=LetRec round body
BOUNDARY node=963 operator=Join reason=LetRec round body
BOUNDARY node=998 operator=Mfp reason=LetRec round body
BOUNDARY node=999 operator=Join reason=LetRec round body
BOUNDARY node=954 operator=Get reason=LetRec round body
BOUNDARY node=1000 operator=Mfp reason=LetRec round body
BOUNDARY node=1872 operator=Union reason=LetRec round body
VIEW {"openivm_detail":"refresh_type=SIMPLE_PROJECTION; group_cols=0; model_nodes=3; group_recompute_mode=source_delta; scan_occurrences=1; model_domains=0; node_domains=0; lineage_entries=0; node_lineage=0; node_semantics=2; node_unsupported=0; delta_only_nodes=2; delta_state_nodes=0; affected_recompute_nodes=0; full_recompute_nodes=1","openivm_warning":"","operator":"Get","sql":"SELECT * FROM r169","type":"SIMPLE_PROJECTION","type_code":2,"view":"n1873"}
BOUNDARY node=997 operator=Mfp reason=weighted input from an explicit IR recompute boundary
BOUNDARY node=1874 operator=Union reason=weighted input from an explicit IR recompute boundary
BOUNDARY node=1875 operator=Threshold reason=weighted input from an explicit IR recompute boundary
VIEW {"openivm_detail":"refresh_type=SIMPLE_PROJECTION; group_cols=0; model_nodes=3; group_recompute_mode=source_delta; scan_occurrences=1; model_domains=0; node_domains=0; lineage_entries=0; node_lineage=0; node_semantics=2; node_unsupported=0; delta_only_nodes=2; delta_state_nodes=0; affected_recompute_nodes=0; full_recompute_nodes=1","openivm_warning":"","operator":"Get","sql":"SELECT * FROM r171","type":"SIMPLE_PROJECTION","type_code":2,"view":"n1876"}
BOUNDARY node=996 operator=Join reason=weighted input from an explicit IR recompute boundary
BOUNDARY node=1877 operator=Union reason=weighted input from an explicit IR recompute boundary
BOUNDARY node=1878 operator=Threshold reason=weighted input from an explicit IR recompute boundary
VIEW {"openivm_detail":"refresh_type=SIMPLE_PROJECTION; group_cols=0; model_nodes=3; group_recompute_mode=source_delta; scan_occurrences=1; model_domains=0; node_domains=0; lineage_entries=0; node_lineage=0; node_semantics=2; node_unsupported=0; delta_only_nodes=2; delta_state_nodes=0; affected_recompute_nodes=0; full_recompute_nodes=1","openivm_warning":"","operator":"Get","sql":"SELECT * FROM r175","type":"SIMPLE_PROJECTION","type_code":2,"view":"n1879"}
BOUNDARY node=993 operator=Join reason=weighted input from an explicit IR recompute boundary
BOUNDARY node=969 operator=Get reason=LetRec round body
BOUNDARY node=994 operator=Antijoin reason=weighted input from an explicit IR recompute boundary
BOUNDARY node=995 operator=Mfp reason=weighted input from an explicit IR recompute boundary
BOUNDARY node=1880 operator=Union reason=weighted input from an explicit IR recompute boundary
BOUNDARY node=1881 operator=Threshold reason=weighted input from an explicit IR recompute boundary
BOUNDARY node=1882 operator=Get reason=LetRec round body
BOUNDARY node=952 operator=Get reason=LetRec round body
BOUNDARY node=976 operator=Mfp reason=LetRec round body
BOUNDARY node=977 operator=Join reason=LetRec round body
BOUNDARY node=978 operator=Join reason=LetRec round body
BOUNDARY node=979 operator=Join reason=LetRec round body
BOUNDARY node=980 operator=Get reason=LetRec round body
BOUNDARY node=981 operator=Join reason=LetRec round body
BOUNDARY node=982 operator=Mfp reason=LetRec round body
BOUNDARY node=983 operator=Get reason=LetRec round body
BOUNDARY node=984 operator=Join reason=LetRec round body
BOUNDARY node=985 operator=Mfp reason=LetRec round body
BOUNDARY node=986 operator=Mfp reason=LetRec round body
BOUNDARY node=987 operator=Join reason=LetRec round body
BOUNDARY node=988 operator=Antijoin reason=LetRec round body
BOUNDARY node=989 operator=Join reason=LetRec round body
BOUNDARY node=990 operator=Get reason=LetRec round body
BOUNDARY node=991 operator=Antijoin reason=LetRec round body
BOUNDARY node=992 operator=Mfp reason=LetRec round body
BOUNDARY node=1883 operator=Union reason=LetRec round body
BOUNDARY node=1884 operator=Get reason=LetRec round body
BOUNDARY node=936 operator=Get reason=LetRec round body
BOUNDARY node=975 operator=Mfp reason=LetRec round body
BOUNDARY node=1885 operator=Union reason=LetRec round body
VIEW {"openivm_detail":"refresh_type=SIMPLE_PROJECTION; group_cols=0; model_nodes=3; group_recompute_mode=source_delta; scan_occurrences=1; model_domains=0; node_domains=0; lineage_entries=0; node_lineage=0; node_semantics=2; node_unsupported=0; delta_only_nodes=2; delta_state_nodes=0; affected_recompute_nodes=0; full_recompute_nodes=1","openivm_warning":"","operator":"Get","sql":"SELECT * FROM r195","type":"SIMPLE_PROJECTION","type_code":2,"view":"n1886"}
BOUNDARY node=937 operator=Join reason=weighted input from an explicit IR recompute boundary
BOUNDARY node=1887 operator=Union reason=weighted input from an explicit IR recompute boundary
BOUNDARY node=1888 operator=Threshold reason=weighted input from an explicit IR recompute boundary
BOUNDARY node=1889 operator=Get reason=LetRec round body
BOUNDARY node=964 operator=Mfp reason=LetRec round body
BOUNDARY node=965 operator=Join reason=LetRec round body
BOUNDARY node=956 operator=Get reason=LetRec round body
BOUNDARY node=966 operator=Join reason=LetRec round body
BOUNDARY node=967 operator=Get reason=LetRec round body
BOUNDARY node=968 operator=Join reason=LetRec round body
BOUNDARY node=970 operator=Antijoin reason=LetRec round body
BOUNDARY node=971 operator=Mfp reason=LetRec round body
BOUNDARY node=972 operator=Join reason=LetRec round body
BOUNDARY node=973 operator=Antijoin reason=LetRec round body
BOUNDARY node=974 operator=Mfp reason=LetRec round body
BOUNDARY node=1890 operator=Union reason=LetRec round body
VIEW {"openivm_detail":"refresh_type=SIMPLE_PROJECTION; group_cols=0; model_nodes=3; group_recompute_mode=source_delta; scan_occurrences=1; model_domains=0; node_domains=0; lineage_entries=0; node_lineage=0; node_semantics=2; node_unsupported=0; delta_only_nodes=2; delta_state_nodes=0; affected_recompute_nodes=0; full_recompute_nodes=1","openivm_warning":"","operator":"Get","sql":"SELECT * FROM r157","type":"SIMPLE_PROJECTION","type_code":2,"view":"n1891"}
BOUNDARY node=1018 operator=Antijoin reason=weighted input from an explicit IR recompute boundary
BOUNDARY node=1019 operator=Antijoin reason=weighted input from an explicit IR recompute boundary
BOUNDARY node=1020 operator=Mfp reason=weighted input from an explicit IR recompute boundary
BOUNDARY node=1892 operator=Union reason=weighted input from an explicit IR recompute boundary
BOUNDARY node=1893 operator=Threshold reason=weighted input from an explicit IR recompute boundary
VIEW {"openivm_detail":"refresh_type=SIMPLE_PROJECTION; group_cols=0; model_nodes=3; group_recompute_mode=source_delta; scan_occurrences=1; model_domains=0; node_domains=0; lineage_entries=0; node_lineage=0; node_semantics=2; node_unsupported=0; delta_only_nodes=2; delta_state_nodes=0; affected_recompute_nodes=0; full_recompute_nodes=1","openivm_warning":"","operator":"Get","sql":"SELECT * FROM r183","type":"SIMPLE_PROJECTION","type_code":2,"view":"n1894"}
BOUNDARY node=953 operator=Mfp reason=weighted input from an explicit IR recompute boundary
BOUNDARY node=955 operator=Join reason=weighted input from an explicit IR recompute boundary
BOUNDARY node=957 operator=Join reason=weighted input from an explicit IR recompute boundary
BOUNDARY node=958 operator=Mfp reason=weighted input from an explicit IR recompute boundary
BOUNDARY node=959 operator=Join reason=weighted input from an explicit IR recompute boundary
BOUNDARY node=1895 operator=Union reason=weighted input from an explicit IR recompute boundary
BOUNDARY node=1896 operator=Threshold reason=weighted input from an explicit IR recompute boundary
VIEW {"openivm_detail":"refresh_type=SIMPLE_PROJECTION; group_cols=0; model_nodes=3; group_recompute_mode=source_delta; scan_occurrences=1; model_domains=0; node_domains=0; lineage_entries=0; node_lineage=0; node_semantics=2; node_unsupported=0; delta_only_nodes=2; delta_state_nodes=0; affected_recompute_nodes=0; full_recompute_nodes=1","openivm_warning":"","operator":"Get","sql":"SELECT * FROM r145","type":"SIMPLE_PROJECTION","type_code":2,"view":"n1897"}
BOUNDARY node=941 operator=Get reason=LetRec round body
BOUNDARY node=1033 operator=Join reason=weighted input from an explicit IR recompute boundary
BOUNDARY node=1898 operator=Union reason=weighted input from an explicit IR recompute boundary
BOUNDARY node=1899 operator=Threshold reason=weighted input from an explicit IR recompute boundary
VIEW {"openivm_detail":"refresh_type=SIMPLE_PROJECTION; group_cols=0; model_nodes=3; group_recompute_mode=source_delta; scan_occurrences=1; model_domains=0; node_domains=0; lineage_entries=0; node_lineage=0; node_semantics=2; node_unsupported=0; delta_only_nodes=2; delta_state_nodes=0; affected_recompute_nodes=0; full_recompute_nodes=1","openivm_warning":"","operator":"Get","sql":"SELECT * FROM r185","type":"SIMPLE_PROJECTION","type_code":2,"view":"n1900"}
BOUNDARY node=949 operator=Mfp reason=weighted input from an explicit IR recompute boundary
BOUNDARY node=950 operator=Antijoin reason=weighted input from an explicit IR recompute boundary
BOUNDARY node=951 operator=Mfp reason=weighted input from an explicit IR recompute boundary
BOUNDARY node=1901 operator=Union reason=weighted input from an explicit IR recompute boundary
BOUNDARY node=1902 operator=Threshold reason=weighted input from an explicit IR recompute boundary
VIEW {"openivm_detail":"refresh_type=SIMPLE_PROJECTION; group_cols=0; model_nodes=3; group_recompute_mode=source_delta; scan_occurrences=1; model_domains=0; node_domains=0; lineage_entries=0; node_lineage=0; node_semantics=2; node_unsupported=0; delta_only_nodes=2; delta_state_nodes=0; affected_recompute_nodes=0; full_recompute_nodes=1","openivm_warning":"","operator":"Get","sql":"SELECT * FROM r193","type":"SIMPLE_PROJECTION","type_code":2,"view":"n1903"}
BOUNDARY node=942 operator=Join reason=weighted input from an explicit IR recompute boundary
BOUNDARY node=1904 operator=Union reason=weighted input from an explicit IR recompute boundary
BOUNDARY node=1905 operator=Threshold reason=weighted input from an explicit IR recompute boundary
VIEW {"openivm_detail":"refresh_type=SIMPLE_PROJECTION; group_cols=0; model_nodes=3; group_recompute_mode=source_delta; scan_occurrences=1; model_domains=0; node_domains=0; lineage_entries=0; node_lineage=0; node_semantics=2; node_unsupported=0; delta_only_nodes=2; delta_state_nodes=0; affected_recompute_nodes=0; full_recompute_nodes=1","openivm_warning":"","operator":"Get","sql":"SELECT * FROM r161","type":"SIMPLE_PROJECTION","type_code":2,"view":"n1906"}
BOUNDARY node=1001 operator=Get reason=weighted input from an explicit IR recompute boundary
BOUNDARY node=1002 operator=Antijoin reason=weighted input from an explicit IR recompute boundary
BOUNDARY node=1003 operator=Mfp reason=weighted input from an explicit IR recompute boundary
BOUNDARY node=1907 operator=Union reason=weighted input from an explicit IR recompute boundary
BOUNDARY node=1908 operator=Threshold reason=weighted input from an explicit IR recompute boundary
BOUNDARY node=1909 operator=Get reason=LetRec round body
BOUNDARY node=1312 operator=Mfp reason=LetRec round body
BOUNDARY node=1313 operator=Join reason=LetRec round body
BOUNDARY node=1314 operator=Join reason=LetRec round body
BOUNDARY node=1315 operator=Mfp reason=LetRec round body
BOUNDARY node=1316 operator=Join reason=LetRec round body
BOUNDARY node=1317 operator=Join reason=LetRec round body
BOUNDARY node=1318 operator=Mfp reason=LetRec round body
BOUNDARY node=1228 operator=Get reason=LetRec round body
BOUNDARY node=1229 operator=Mfp reason=LetRec round body
BOUNDARY node=1319 operator=Join reason=LetRec round body
BOUNDARY node=1320 operator=Mfp reason=LetRec round body
BOUNDARY node=1321 operator=Join reason=LetRec round body
BOUNDARY node=1322 operator=Mfp reason=LetRec round body
BOUNDARY node=1323 operator=Join reason=LetRec round body
BOUNDARY node=1324 operator=Mfp reason=LetRec round body
BOUNDARY node=1325 operator=Join reason=LetRec round body
BOUNDARY node=1326 operator=Mfp reason=LetRec round body
BOUNDARY node=1239 operator=Get reason=LetRec round body
BOUNDARY node=1327 operator=Join reason=LetRec round body
BOUNDARY node=1241 operator=Mfp reason=LetRec round body
BOUNDARY node=1328 operator=Join reason=LetRec round body
BOUNDARY node=1910 operator=Union reason=LetRec round body
BOUNDARY node=1911 operator=Get reason=LetRec round body
BOUNDARY node=1144 operator=Get reason=LetRec round body
BOUNDARY node=1166 operator=Mfp reason=LetRec round body
BOUNDARY node=1167 operator=Mint reason=LetRec round body
BOUNDARY node=1168 operator=Mint reason=LetRec round body
BOUNDARY node=1169 operator=Mfp reason=LetRec round body
BOUNDARY node=1170 operator=Mint reason=LetRec round body
BOUNDARY node=1171 operator=Mint reason=LetRec round body
BOUNDARY node=1172 operator=Mfp reason=LetRec round body
BOUNDARY node=1173 operator=Join reason=LetRec round body
BOUNDARY node=1174 operator=Join reason=LetRec round body
BOUNDARY node=1175 operator=Join reason=LetRec round body
BOUNDARY node=1176 operator=Mfp reason=LetRec round body
BOUNDARY node=1177 operator=Mint reason=LetRec round body
BOUNDARY node=1178 operator=Mint reason=LetRec round body
BOUNDARY node=1179 operator=Mint reason=LetRec round body
BOUNDARY node=1180 operator=Mint reason=LetRec round body
BOUNDARY node=1182 operator=Mfp reason=LetRec round body
BOUNDARY node=1183 operator=Mfp reason=LetRec round body
BOUNDARY node=1184 operator=Mint reason=LetRec round body
BOUNDARY node=1185 operator=Mfp reason=LetRec round body
BOUNDARY node=1186 operator=Mint reason=LetRec round body
BOUNDARY node=1187 operator=Mint reason=LetRec round body
BOUNDARY node=1188 operator=Mfp reason=LetRec round body
BOUNDARY node=1189 operator=Join reason=LetRec round body
BOUNDARY node=1190 operator=Join reason=LetRec round body
BOUNDARY node=1191 operator=Mfp reason=LetRec round body
BOUNDARY node=1192 operator=Mint reason=LetRec round body
BOUNDARY node=1193 operator=Mint reason=LetRec round body
BOUNDARY node=1194 operator=Mint reason=LetRec round body
BOUNDARY node=1196 operator=Mfp reason=LetRec round body
BOUNDARY node=1197 operator=Mfp reason=LetRec round body
BOUNDARY node=1200 operator=Get reason=LetRec round body
BOUNDARY node=1201 operator=Mfp reason=LetRec round body
BOUNDARY node=1202 operator=Mfp reason=LetRec round body
BOUNDARY node=1203 operator=Mint reason=LetRec round body
BOUNDARY node=1204 operator=Mint reason=LetRec round body
BOUNDARY node=1205 operator=Mfp reason=LetRec round body
BOUNDARY node=1206 operator=Mint reason=LetRec round body
BOUNDARY node=1207 operator=Mint reason=LetRec round body
BOUNDARY node=1208 operator=Mfp reason=LetRec round body
BOUNDARY node=1209 operator=Join reason=LetRec round body
BOUNDARY node=1210 operator=Join reason=LetRec round body
BOUNDARY node=1211 operator=Join reason=LetRec round body
BOUNDARY node=1212 operator=Mfp reason=LetRec round body
BOUNDARY node=1213 operator=Mint reason=LetRec round body
BOUNDARY node=1214 operator=Mint reason=LetRec round body
BOUNDARY node=1215 operator=Mint reason=LetRec round body
BOUNDARY node=1216 operator=Mint reason=LetRec round body
BOUNDARY node=1218 operator=Mfp reason=LetRec round body
BOUNDARY node=1243 operator=Mfp reason=LetRec round body
BOUNDARY node=1244 operator=Mint reason=LetRec round body
BOUNDARY node=1245 operator=Mfp reason=LetRec round body
BOUNDARY node=1246 operator=Mint reason=LetRec round body
BOUNDARY node=1247 operator=Mint reason=LetRec round body
BOUNDARY node=1248 operator=Mfp reason=LetRec round body
BOUNDARY node=1249 operator=Join reason=LetRec round body
BOUNDARY node=1250 operator=Join reason=LetRec round body
BOUNDARY node=1251 operator=Mfp reason=LetRec round body
BOUNDARY node=1252 operator=Mint reason=LetRec round body
BOUNDARY node=1253 operator=Mint reason=LetRec round body
BOUNDARY node=1254 operator=Mint reason=LetRec round body
BOUNDARY node=1256 operator=Mfp reason=LetRec round body
BOUNDARY node=1257 operator=Mfp reason=LetRec round body
BOUNDARY node=1912 operator=Union reason=LetRec round body
BOUNDARY node=1913 operator=Get reason=LetRec round body
BOUNDARY node=1151 operator=Get reason=LetRec round body
BOUNDARY node=1165 operator=Mfp reason=LetRec round body
BOUNDARY node=1914 operator=Union reason=LetRec round body
BOUNDARY node=1915 operator=Get reason=LetRec round body
BOUNDARY node=1159 operator=Get reason=LetRec round body
BOUNDARY node=1160 operator=Get reason=LetRec round body
BOUNDARY node=1161 operator=Join reason=LetRec round body
BOUNDARY node=1162 operator=Join reason=LetRec round body
BOUNDARY node=1163 operator=Mfp reason=LetRec round body
BOUNDARY node=1164 operator=Join reason=LetRec round body
BOUNDARY node=1916 operator=Union reason=LetRec round body
BOUNDARY node=1917 operator=Get reason=LetRec round body
BOUNDARY node=1198 operator=Get reason=LetRec round body
BOUNDARY node=1199 operator=Mfp reason=LetRec round body
BOUNDARY node=1219 operator=Get reason=LetRec round body
BOUNDARY node=1220 operator=Join reason=LetRec round body
BOUNDARY node=1221 operator=Mfp reason=LetRec round body
BOUNDARY node=1222 operator=Join reason=LetRec round body
BOUNDARY node=1223 operator=Join reason=LetRec round body
BOUNDARY node=1224 operator=Mfp reason=LetRec round body
BOUNDARY node=1225 operator=Join reason=LetRec round body
BOUNDARY node=1226 operator=Join reason=LetRec round body
BOUNDARY node=1227 operator=Mfp reason=LetRec round body
BOUNDARY node=1230 operator=Join reason=LetRec round body
BOUNDARY node=1231 operator=Mfp reason=LetRec round body
BOUNDARY node=1232 operator=Join reason=LetRec round body
BOUNDARY node=1233 operator=Mfp reason=LetRec round body
BOUNDARY node=1234 operator=Join reason=LetRec round body
BOUNDARY node=1235 operator=Join reason=LetRec round body
BOUNDARY node=1236 operator=Mfp reason=LetRec round body
BOUNDARY node=1237 operator=Join reason=LetRec round body
BOUNDARY node=1238 operator=Mfp reason=LetRec round body
BOUNDARY node=1240 operator=Join reason=LetRec round body
BOUNDARY node=1242 operator=Join reason=LetRec round body
BOUNDARY node=1918 operator=Union reason=LetRec round body
BOUNDARY node=1919 operator=Get reason=LetRec round body
BOUNDARY node=78 operator=Mfp reason=LetRec round body
BOUNDARY node=119 operator=Mfp reason=LetRec round body
BOUNDARY node=1181 operator=Mfp reason=LetRec round body
BOUNDARY node=1195 operator=Mfp reason=LetRec round body
BOUNDARY node=1217 operator=Mfp reason=LetRec round body
BOUNDARY node=1255 operator=Mfp reason=LetRec round body
BOUNDARY node=1466 operator=Mfp reason=LetRec round body
BOUNDARY node=1467 operator=Join reason=LetRec round body
BOUNDARY node=1468 operator=Join reason=LetRec round body
BOUNDARY node=1469 operator=Join reason=LetRec round body
BOUNDARY node=1470 operator=Mfp reason=LetRec round body
BOUNDARY node=1471 operator=Mint reason=LetRec round body
BOUNDARY node=1472 operator=Mint reason=LetRec round body
BOUNDARY node=1473 operator=Mint reason=LetRec round body
BOUNDARY node=1474 operator=Mint reason=LetRec round body
BOUNDARY node=1475 operator=Mfp reason=LetRec round body
BOUNDARY node=1477 operator=Mfp reason=LetRec round body
BOUNDARY node=1478 operator=Join reason=LetRec round body
BOUNDARY node=1479 operator=Join reason=LetRec round body
BOUNDARY node=1480 operator=Join reason=LetRec round body
BOUNDARY node=1481 operator=Mfp reason=LetRec round body
BOUNDARY node=1482 operator=Mint reason=LetRec round body
BOUNDARY node=1483 operator=Mint reason=LetRec round body
BOUNDARY node=1484 operator=Mint reason=LetRec round body
BOUNDARY node=1485 operator=Mint reason=LetRec round body
BOUNDARY node=1486 operator=Mfp reason=LetRec round body
BOUNDARY node=1920 operator=Union reason=LetRec round body
VIEW {"openivm_detail":"refresh_type=SIMPLE_PROJECTION; group_cols=0; model_nodes=3; group_recompute_mode=source_delta; scan_occurrences=1; model_domains=0; node_domains=0; lineage_entries=0; node_lineage=0; node_semantics=2; node_unsupported=0; delta_only_nodes=2; delta_state_nodes=0; affected_recompute_nodes=0; full_recompute_nodes=1","openivm_warning":"","operator":"Get","sql":"SELECT * FROM r31","type":"SIMPLE_PROJECTION","type_code":2,"view":"n1921"}
BOUNDARY node=1359 operator=Get reason=weighted input from an explicit IR recompute boundary
BOUNDARY node=1360 operator=Mfp reason=weighted input from an explicit IR recompute boundary
BOUNDARY node=1374 operator=Mfp reason=weighted input from an explicit IR recompute boundary
BOUNDARY node=1375 operator=Mfp reason=weighted input from an explicit IR recompute boundary
BOUNDARY node=1376 operator=Mfp reason=LetRec round body
BOUNDARY node=1377 operator=Join reason=LetRec round body
BOUNDARY node=1378 operator=Join reason=LetRec round body
BOUNDARY node=1379 operator=Mfp reason=LetRec round body
BOUNDARY node=1380 operator=Join reason=LetRec round body
BOUNDARY node=1381 operator=Join reason=LetRec round body
BOUNDARY node=1382 operator=Mfp reason=LetRec round body
BOUNDARY node=1383 operator=Mfp reason=weighted input from an explicit IR recompute boundary
BOUNDARY node=1384 operator=Mfp reason=LetRec round body
BOUNDARY node=1385 operator=Join reason=LetRec round body
BOUNDARY node=1386 operator=Join reason=LetRec round body
BOUNDARY node=1387 operator=Mfp reason=LetRec round body
BOUNDARY node=1388 operator=Join reason=LetRec round body
BOUNDARY node=1389 operator=Join reason=LetRec round body
BOUNDARY node=1390 operator=Mfp reason=LetRec round body
BOUNDARY node=1391 operator=Mfp reason=weighted input from an explicit IR recompute boundary
BOUNDARY node=1392 operator=Mfp reason=LetRec round body
BOUNDARY node=1393 operator=Join reason=LetRec round body
BOUNDARY node=1394 operator=Join reason=LetRec round body
BOUNDARY node=1395 operator=Mfp reason=LetRec round body
BOUNDARY node=1396 operator=Join reason=LetRec round body
BOUNDARY node=1397 operator=Mfp reason=LetRec round body
BOUNDARY node=1398 operator=Mfp reason=weighted input from an explicit IR recompute boundary
BOUNDARY node=1922 operator=Union reason=weighted input from an explicit IR recompute boundary
BOUNDARY node=1923 operator=Threshold reason=weighted input from an explicit IR recompute boundary
VIEW {"openivm_detail":"refresh_type=SIMPLE_PROJECTION; group_cols=0; model_nodes=3; group_recompute_mode=source_delta; scan_occurrences=1; model_domains=0; node_domains=0; lineage_entries=0; node_lineage=0; node_semantics=2; node_unsupported=0; delta_only_nodes=2; delta_state_nodes=0; affected_recompute_nodes=0; full_recompute_nodes=1","openivm_warning":"","operator":"Get","sql":"SELECT * FROM r43","type":"SIMPLE_PROJECTION","type_code":2,"view":"n1924"}
BOUNDARY node=1460 operator=Mfp reason=weighted input from an explicit IR recompute boundary
BOUNDARY node=1461 operator=Mfp reason=weighted input from an explicit IR recompute boundary
BOUNDARY node=1925 operator=Union reason=weighted input from an explicit IR recompute boundary
BOUNDARY node=1926 operator=Threshold reason=weighted input from an explicit IR recompute boundary
VIEW {"openivm_detail":"refresh_type=SIMPLE_PROJECTION; group_cols=0; model_nodes=3; group_recompute_mode=source_delta; scan_occurrences=1; model_domains=0; node_domains=0; lineage_entries=0; node_lineage=0; node_semantics=2; node_unsupported=0; delta_only_nodes=2; delta_state_nodes=0; affected_recompute_nodes=0; full_recompute_nodes=1","openivm_warning":"","operator":"Get","sql":"SELECT * FROM r45","type":"SIMPLE_PROJECTION","type_code":2,"view":"n1927"}
BOUNDARY node=1476 operator=Mfp reason=weighted input from an explicit IR recompute boundary
BOUNDARY node=1487 operator=Mfp reason=weighted input from an explicit IR recompute boundary
BOUNDARY node=1928 operator=Union reason=weighted input from an explicit IR recompute boundary
BOUNDARY node=1929 operator=Threshold reason=weighted input from an explicit IR recompute boundary
VIEW {"openivm_detail":"refresh_type=SIMPLE_PROJECTION; group_cols=0; model_nodes=3; group_recompute_mode=source_delta; scan_occurrences=1; model_domains=0; node_domains=0; lineage_entries=0; node_lineage=0; node_semantics=2; node_unsupported=0; delta_only_nodes=2; delta_state_nodes=0; affected_recompute_nodes=0; full_recompute_nodes=1","openivm_warning":"","operator":"Get","sql":"SELECT * FROM r81","type":"SIMPLE_PROJECTION","type_code":2,"view":"n1930"}
BOUNDARY node=1299 operator=Join reason=weighted input from an explicit IR recompute boundary
BOUNDARY node=1931 operator=Union reason=weighted input from an explicit IR recompute boundary
BOUNDARY node=1932 operator=Threshold reason=weighted input from an explicit IR recompute boundary
VIEW {"openivm_detail":"refresh_type=SIMPLE_PROJECTION; group_cols=0; model_nodes=3; group_recompute_mode=source_delta; scan_occurrences=1; model_domains=0; node_domains=0; lineage_entries=0; node_lineage=0; node_semantics=2; node_unsupported=0; delta_only_nodes=2; delta_state_nodes=0; affected_recompute_nodes=0; full_recompute_nodes=1","openivm_warning":"","operator":"Get","sql":"SELECT * FROM r103","type":"SIMPLE_PROJECTION","type_code":2,"view":"n1933"}
BOUNDARY node=1158 operator=Mfp reason=weighted input from an explicit IR recompute boundary
BOUNDARY node=1934 operator=Union reason=weighted input from an explicit IR recompute boundary
BOUNDARY node=1935 operator=Threshold reason=weighted input from an explicit IR recompute boundary
VIEW {"openivm_detail":"refresh_type=SIMPLE_PROJECTION; group_cols=0; model_nodes=3; group_recompute_mode=source_delta; scan_occurrences=1; model_domains=0; node_domains=0; lineage_entries=0; node_lineage=0; node_semantics=2; node_unsupported=0; delta_only_nodes=2; delta_state_nodes=0; affected_recompute_nodes=0; full_recompute_nodes=1","openivm_warning":"","operator":"Get","sql":"SELECT * FROM r247","type":"SIMPLE_PROJECTION","type_code":2,"view":"n1936"}
VIEW {"openivm_detail":"refresh_type=SIMPLE_PROJECTION; group_cols=0; model_nodes=5; group_recompute_mode=source_delta; scan_occurrences=1; model_domains=0; node_domains=0; lineage_entries=0; node_lineage=0; node_semantics=6; node_unsupported=0; delta_only_nodes=4; delta_state_nodes=0; affected_recompute_nodes=0; full_recompute_nodes=1","openivm_warning":"","operator":"Get","sql":"SELECT * FROM r246","type":"SIMPLE_PROJECTION","type_code":2,"view":"n1416"}
BOUNDARY node=1417 operator=Join reason=weighted input from an explicit IR recompute boundary
BOUNDARY node=1418 operator=Mfp reason=weighted input from an explicit IR recompute boundary
BOUNDARY node=1419 operator=Join reason=weighted input from an explicit IR recompute boundary
BOUNDARY node=1420 operator=Join reason=weighted input from an explicit IR recompute boundary
BOUNDARY node=1421 operator=Mfp reason=weighted input from an explicit IR recompute boundary
BOUNDARY node=1422 operator=Join reason=weighted input from an explicit IR recompute boundary
BOUNDARY node=1423 operator=Join reason=weighted input from an explicit IR recompute boundary
BOUNDARY node=1424 operator=Mfp reason=weighted input from an explicit IR recompute boundary
BOUNDARY node=1425 operator=Join reason=weighted input from an explicit IR recompute boundary
BOUNDARY node=1426 operator=Mfp reason=weighted input from an explicit IR recompute boundary
BOUNDARY node=1427 operator=Join reason=weighted input from an explicit IR recompute boundary
BOUNDARY node=1428 operator=Mfp reason=weighted input from an explicit IR recompute boundary
BOUNDARY node=1429 operator=Join reason=weighted input from an explicit IR recompute boundary
BOUNDARY node=1430 operator=Join reason=weighted input from an explicit IR recompute boundary
BOUNDARY node=1431 operator=Mfp reason=weighted input from an explicit IR recompute boundary
BOUNDARY node=1432 operator=Join reason=weighted input from an explicit IR recompute boundary
BOUNDARY node=1433 operator=Mfp reason=weighted input from an explicit IR recompute boundary
BOUNDARY node=1434 operator=Join reason=weighted input from an explicit IR recompute boundary
BOUNDARY node=1435 operator=Join reason=weighted input from an explicit IR recompute boundary
BOUNDARY node=1937 operator=Union reason=weighted input from an explicit IR recompute boundary
BOUNDARY node=1938 operator=Threshold reason=weighted input from an explicit IR recompute boundary
VIEW {"openivm_detail":"refresh_type=SIMPLE_PROJECTION; group_cols=0; model_nodes=3; group_recompute_mode=source_delta; scan_occurrences=1; model_domains=0; node_domains=0; lineage_entries=0; node_lineage=0; node_semantics=2; node_unsupported=0; delta_only_nodes=2; delta_state_nodes=0; affected_recompute_nodes=0; full_recompute_nodes=1","openivm_warning":"","operator":"Get","sql":"SELECT * FROM r269","type":"SIMPLE_PROJECTION","type_code":2,"view":"n1939"}
BOUNDARY node=39 operator=Mfp reason=weighted input from an explicit IR recompute boundary
BOUNDARY node=1940 operator=Union reason=weighted input from an explicit IR recompute boundary
BOUNDARY node=1941 operator=Threshold reason=weighted input from an explicit IR recompute boundary
VIEW {"openivm_detail":"refresh_type=SIMPLE_PROJECTION; group_cols=0; model_nodes=3; group_recompute_mode=source_delta; scan_occurrences=1; model_domains=0; node_domains=0; lineage_entries=0; node_lineage=0; node_semantics=2; node_unsupported=0; delta_only_nodes=2; delta_state_nodes=0; affected_recompute_nodes=0; full_recompute_nodes=1","openivm_warning":"","operator":"Get","sql":"SELECT * FROM r83","type":"SIMPLE_PROJECTION","type_code":2,"view":"n1942"}
BOUNDARY node=1293 operator=Get reason=LetRec round body
BOUNDARY node=1294 operator=Mfp reason=LetRec round body
BOUNDARY node=1295 operator=Reduce reason=weighted input from an explicit IR recompute boundary
BOUNDARY node=1296 operator=Mint reason=weighted input from an explicit IR recompute boundary
BOUNDARY node=1297 operator=Mint reason=weighted input from an explicit IR recompute boundary
BOUNDARY node=1298 operator=Mfp reason=weighted input from an explicit IR recompute boundary
BOUNDARY node=1943 operator=Union reason=weighted input from an explicit IR recompute boundary
BOUNDARY node=1944 operator=Threshold reason=weighted input from an explicit IR recompute boundary
VIEW {"openivm_detail":"refresh_type=SIMPLE_PROJECTION; group_cols=0; model_nodes=3; group_recompute_mode=source_delta; scan_occurrences=1; model_domains=0; node_domains=0; lineage_entries=0; node_lineage=0; node_semantics=2; node_unsupported=0; delta_only_nodes=2; delta_state_nodes=0; affected_recompute_nodes=0; full_recompute_nodes=1","openivm_warning":"","operator":"Get","sql":"SELECT * FROM r105","type":"SIMPLE_PROJECTION","type_code":2,"view":"n1945"}
BOUNDARY node=1152 operator=Mfp reason=weighted input from an explicit IR recompute boundary
BOUNDARY node=1153 operator=Join reason=weighted input from an explicit IR recompute boundary
BOUNDARY node=1154 operator=Join reason=weighted input from an explicit IR recompute boundary
BOUNDARY node=1155 operator=Get reason=weighted input from an explicit IR recompute boundary
BOUNDARY node=1156 operator=Antijoin reason=weighted input from an explicit IR recompute boundary
BOUNDARY node=1157 operator=Mfp reason=weighted input from an explicit IR recompute boundary
BOUNDARY node=1946 operator=Union reason=weighted input from an explicit IR recompute boundary
BOUNDARY node=1947 operator=Threshold reason=weighted input from an explicit IR recompute boundary
VIEW {"openivm_detail":"refresh_type=SIMPLE_PROJECTION; group_cols=0; model_nodes=3; group_recompute_mode=source_delta; scan_occurrences=1; model_domains=0; node_domains=0; lineage_entries=0; node_lineage=0; node_semantics=2; node_unsupported=0; delta_only_nodes=2; delta_state_nodes=0; affected_recompute_nodes=0; full_recompute_nodes=1","openivm_warning":"","operator":"Get","sql":"SELECT * FROM r270","type":"SIMPLE_PROJECTION","type_code":2,"view":"n1948"}
BOUNDARY node=1684 operator=Get reason=weighted input from an explicit IR recompute boundary
BOUNDARY node=1949 operator=Union reason=weighted input from an explicit IR recompute boundary
BOUNDARY node=1950 operator=Threshold reason=weighted input from an explicit IR recompute boundary
VIEW {"openivm_detail":"refresh_type=SIMPLE_PROJECTION; group_cols=0; model_nodes=3; group_recompute_mode=source_delta; scan_occurrences=1; model_domains=0; node_domains=0; lineage_entries=0; node_lineage=0; node_semantics=2; node_unsupported=0; delta_only_nodes=2; delta_state_nodes=0; affected_recompute_nodes=0; full_recompute_nodes=1","openivm_warning":"","operator":"Get","sql":"SELECT * FROM r107","type":"SIMPLE_PROJECTION","type_code":2,"view":"n1951"}
BOUNDARY node=1149 operator=Get reason=LetRec round body
BOUNDARY node=1150 operator=Mfp reason=weighted input from an explicit IR recompute boundary
BOUNDARY node=1952 operator=Union reason=weighted input from an explicit IR recompute boundary
BOUNDARY node=1953 operator=Threshold reason=weighted input from an explicit IR recompute boundary
VIEW {"openivm_detail":"refresh_type=SIMPLE_PROJECTION; group_cols=0; model_nodes=3; group_recompute_mode=source_delta; scan_occurrences=1; model_domains=0; node_domains=0; lineage_entries=0; node_lineage=0; node_semantics=2; node_unsupported=0; delta_only_nodes=2; delta_state_nodes=0; affected_recompute_nodes=0; full_recompute_nodes=1","openivm_warning":"","operator":"Get","sql":"SELECT * FROM r109","type":"SIMPLE_PROJECTION","type_code":2,"view":"n1954"}
BOUNDARY node=1145 operator=Join reason=weighted input from an explicit IR recompute boundary
BOUNDARY node=1146 operator=Get reason=weighted input from an explicit IR recompute boundary
BOUNDARY node=1147 operator=Antijoin reason=weighted input from an explicit IR recompute boundary
BOUNDARY node=1148 operator=Mfp reason=weighted input from an explicit IR recompute boundary
BOUNDARY node=1955 operator=Union reason=weighted input from an explicit IR recompute boundary
BOUNDARY node=1956 operator=Threshold reason=weighted input from an explicit IR recompute boundary
VIEW {"openivm_detail":"refresh_type=SIMPLE_PROJECTION; group_cols=0; model_nodes=3; group_recompute_mode=source_delta; scan_occurrences=1; model_domains=0; node_domains=0; lineage_entries=0; node_lineage=0; node_semantics=2; node_unsupported=0; delta_only_nodes=2; delta_state_nodes=0; affected_recompute_nodes=0; full_recompute_nodes=1","openivm_warning":"","operator":"Get","sql":"SELECT * FROM r111","type":"SIMPLE_PROJECTION","type_code":2,"view":"n1957"}
BOUNDARY node=1124 operator=Get reason=weighted input from an explicit IR recompute boundary
BOUNDARY node=1137 operator=Mfp reason=weighted input from an explicit IR recompute boundary
BOUNDARY node=1138 operator=Join reason=weighted input from an explicit IR recompute boundary
BOUNDARY node=1139 operator=Join reason=weighted input from an explicit IR recompute boundary
BOUNDARY node=1140 operator=Join reason=weighted input from an explicit IR recompute boundary
BOUNDARY node=1141 operator=Join reason=weighted input from an explicit IR recompute boundary
BOUNDARY node=1142 operator=Join reason=weighted input from an explicit IR recompute boundary
BOUNDARY node=1143 operator=Mfp reason=weighted input from an explicit IR recompute boundary
BOUNDARY node=1958 operator=Union reason=weighted input from an explicit IR recompute boundary
BOUNDARY node=1959 operator=Threshold reason=weighted input from an explicit IR recompute boundary
VIEW {"openivm_detail":"refresh_type=SIMPLE_PROJECTION; group_cols=0; model_nodes=3; group_recompute_mode=source_delta; scan_occurrences=1; model_domains=0; node_domains=0; lineage_entries=0; node_lineage=0; node_semantics=2; node_unsupported=0; delta_only_nodes=2; delta_state_nodes=0; affected_recompute_nodes=0; full_recompute_nodes=1","openivm_warning":"","operator":"Get","sql":"SELECT * FROM r113","type":"SIMPLE_PROJECTION","type_code":2,"view":"n1960"}
BOUNDARY node=1131 operator=Get reason=weighted input from an explicit IR recompute boundary
BOUNDARY node=1136 operator=Mfp reason=weighted input from an explicit IR recompute boundary
BOUNDARY node=1961 operator=Union reason=weighted input from an explicit IR recompute boundary
BOUNDARY node=1962 operator=Threshold reason=weighted input from an explicit IR recompute boundary
VIEW {"openivm_detail":"refresh_type=SIMPLE_PROJECTION; group_cols=0; model_nodes=3; group_recompute_mode=source_delta; scan_occurrences=1; model_domains=0; node_domains=0; lineage_entries=0; node_lineage=0; node_semantics=2; node_unsupported=0; delta_only_nodes=2; delta_state_nodes=0; affected_recompute_nodes=0; full_recompute_nodes=1","openivm_warning":"","operator":"Get","sql":"SELECT * FROM r115","type":"SIMPLE_PROJECTION","type_code":2,"view":"n1963"}
BOUNDARY node=1127 operator=Mfp reason=weighted input from an explicit IR recompute boundary
BOUNDARY node=1128 operator=Get reason=weighted input from an explicit IR recompute boundary
BOUNDARY node=1129 operator=Antijoin reason=weighted input from an explicit IR recompute boundary
BOUNDARY node=1130 operator=Mfp reason=weighted input from an explicit IR recompute boundary
BOUNDARY node=1132 operator=Reduce reason=weighted input from an explicit IR recompute boundary
BOUNDARY node=1133 operator=Mint reason=weighted input from an explicit IR recompute boundary
BOUNDARY node=1134 operator=Mint reason=weighted input from an explicit IR recompute boundary
BOUNDARY node=1135 operator=Mfp reason=weighted input from an explicit IR recompute boundary
BOUNDARY node=1964 operator=Union reason=weighted input from an explicit IR recompute boundary
BOUNDARY node=1965 operator=Threshold reason=weighted input from an explicit IR recompute boundary
VIEW {"openivm_detail":"refresh_type=SIMPLE_PROJECTION; group_cols=0; model_nodes=3; group_recompute_mode=source_delta; scan_occurrences=1; model_domains=0; node_domains=0; lineage_entries=0; node_lineage=0; node_semantics=2; node_unsupported=0; delta_only_nodes=2; delta_state_nodes=0; affected_recompute_nodes=0; full_recompute_nodes=1","openivm_warning":"","operator":"Get","sql":"SELECT * FROM r117","type":"SIMPLE_PROJECTION","type_code":2,"view":"n1966"}
BOUNDARY node=1125 operator=Get reason=weighted input from an explicit IR recompute boundary
BOUNDARY node=1126 operator=Join reason=weighted input from an explicit IR recompute boundary
BOUNDARY node=1967 operator=Union reason=weighted input from an explicit IR recompute boundary
BOUNDARY node=1968 operator=Threshold reason=weighted input from an explicit IR recompute boundary
VIEW {"openivm_detail":"refresh_type=SIMPLE_PROJECTION; group_cols=0; model_nodes=3; group_recompute_mode=source_delta; scan_occurrences=1; model_domains=0; node_domains=0; lineage_entries=0; node_lineage=0; node_semantics=2; node_unsupported=0; delta_only_nodes=2; delta_state_nodes=0; affected_recompute_nodes=0; full_recompute_nodes=1","openivm_warning":"","operator":"Get","sql":"SELECT * FROM r119","type":"SIMPLE_PROJECTION","type_code":2,"view":"n1969"}
BOUNDARY node=1118 operator=Get reason=LetRec round body
BOUNDARY node=1119 operator=Mfp reason=LetRec round body
BOUNDARY node=1120 operator=Reduce reason=weighted input from an explicit IR recompute boundary
BOUNDARY node=1121 operator=Mint reason=weighted input from an explicit IR recompute boundary
BOUNDARY node=1122 operator=Mint reason=weighted input from an explicit IR recompute boundary
BOUNDARY node=1123 operator=Mfp reason=weighted input from an explicit IR recompute boundary
BOUNDARY node=1970 operator=Union reason=weighted input from an explicit IR recompute boundary
BOUNDARY node=1971 operator=Threshold reason=weighted input from an explicit IR recompute boundary
VIEW {"openivm_detail":"refresh_type=SIMPLE_PROJECTION; group_cols=0; model_nodes=3; group_recompute_mode=source_delta; scan_occurrences=1; model_domains=0; node_domains=0; lineage_entries=0; node_lineage=0; node_semantics=2; node_unsupported=0; delta_only_nodes=2; delta_state_nodes=0; affected_recompute_nodes=0; full_recompute_nodes=1","openivm_warning":"","operator":"Get","sql":"SELECT * FROM r41","type":"SIMPLE_PROJECTION","type_code":2,"view":"n1972"}
BOUNDARY node=1462 operator=Get reason=weighted input from an explicit IR recompute boundary
BOUNDARY node=1463 operator=Mfp reason=weighted input from an explicit IR recompute boundary
BOUNDARY node=1464 operator=Get reason=weighted input from an explicit IR recompute boundary
BOUNDARY node=1465 operator=Mfp reason=weighted input from an explicit IR recompute boundary
BOUNDARY node=1973 operator=Union reason=weighted input from an explicit IR recompute boundary
BOUNDARY node=1974 operator=Threshold reason=weighted input from an explicit IR recompute boundary
BOUNDARY node=1975 operator=Get reason=LetRec round body
BOUNDARY node=1399 operator=Get reason=LetRec round body
BOUNDARY node=1488 operator=Join reason=LetRec round body
BOUNDARY node=1489 operator=Get reason=LetRec round body
BOUNDARY node=1490 operator=Join reason=LetRec round body
BOUNDARY node=1491 operator=Mfp reason=LetRec round body
BOUNDARY node=1492 operator=Mint reason=LetRec round body
BOUNDARY node=1493 operator=Mint reason=LetRec round body
BOUNDARY node=1494 operator=Mfp reason=LetRec round body
BOUNDARY node=1495 operator=Mint reason=LetRec round body
BOUNDARY node=1496 operator=Mint reason=LetRec round body
BOUNDARY node=1497 operator=Mfp reason=LetRec round body
BOUNDARY node=1498 operator=Join reason=LetRec round body
BOUNDARY node=1499 operator=Join reason=LetRec round body
BOUNDARY node=1500 operator=Join reason=LetRec round body
BOUNDARY node=1501 operator=Mfp reason=LetRec round body
BOUNDARY node=1502 operator=Mint reason=LetRec round body
BOUNDARY node=1503 operator=Mint reason=LetRec round body
BOUNDARY node=1504 operator=Mint reason=LetRec round body
BOUNDARY node=1505 operator=Mint reason=LetRec round body
BOUNDARY node=1507 operator=Mfp reason=LetRec round body
BOUNDARY node=1508 operator=Mint reason=LetRec round body
BOUNDARY node=1509 operator=Mint reason=LetRec round body
BOUNDARY node=1510 operator=Mint reason=LetRec round body
BOUNDARY node=1511 operator=Mfp reason=LetRec round body
BOUNDARY node=1512 operator=Mint reason=LetRec round body
BOUNDARY node=1513 operator=Mint reason=LetRec round body
BOUNDARY node=1514 operator=Mfp reason=LetRec round body
BOUNDARY node=1515 operator=Join reason=LetRec round body
BOUNDARY node=1516 operator=Join reason=LetRec round body
BOUNDARY node=1517 operator=Join reason=LetRec round body
BOUNDARY node=1518 operator=Join reason=LetRec round body
BOUNDARY node=1519 operator=Mfp reason=LetRec round body
BOUNDARY node=1520 operator=Mint reason=LetRec round body
BOUNDARY node=1521 operator=Mint reason=LetRec round body
BOUNDARY node=1522 operator=Mint reason=LetRec round body
BOUNDARY node=1523 operator=Mint reason=LetRec round body
BOUNDARY node=1524 operator=Mint reason=LetRec round body
BOUNDARY node=1526 operator=Mfp reason=LetRec round body
BOUNDARY node=1527 operator=Join reason=LetRec round body
BOUNDARY node=1528 operator=Join reason=LetRec round body
BOUNDARY node=1529 operator=Mfp reason=LetRec round body
BOUNDARY node=1530 operator=Mint reason=LetRec round body
BOUNDARY node=1531 operator=Mint reason=LetRec round body
BOUNDARY node=1532 operator=Mfp reason=LetRec round body
BOUNDARY node=1533 operator=Mint reason=LetRec round body
BOUNDARY node=1534 operator=Mint reason=LetRec round body
BOUNDARY node=1535 operator=Mfp reason=LetRec round body
BOUNDARY node=1536 operator=Join reason=LetRec round body
BOUNDARY node=1537 operator=Join reason=LetRec round body
BOUNDARY node=1538 operator=Join reason=LetRec round body
BOUNDARY node=1539 operator=Mfp reason=LetRec round body
BOUNDARY node=1540 operator=Mint reason=LetRec round body
BOUNDARY node=1541 operator=Mint reason=LetRec round body
BOUNDARY node=1542 operator=Mint reason=LetRec round body
BOUNDARY node=1543 operator=Mint reason=LetRec round body
BOUNDARY node=1545 operator=Mfp reason=LetRec round body
BOUNDARY node=1546 operator=Mfp reason=LetRec round body
BOUNDARY node=1547 operator=Mint reason=LetRec round body
BOUNDARY node=1548 operator=Mfp reason=LetRec round body
BOUNDARY node=1549 operator=Mint reason=LetRec round body
BOUNDARY node=1550 operator=Mint reason=LetRec round body
BOUNDARY node=1551 operator=Mfp reason=LetRec round body
BOUNDARY node=1552 operator=Join reason=LetRec round body
BOUNDARY node=1553 operator=Join reason=LetRec round body
BOUNDARY node=1554 operator=Mfp reason=LetRec round body
BOUNDARY node=1555 operator=Mint reason=LetRec round body
BOUNDARY node=1556 operator=Mint reason=LetRec round body
BOUNDARY node=1557 operator=Mint reason=LetRec round body
BOUNDARY node=1559 operator=Mfp reason=LetRec round body
BOUNDARY node=1560 operator=Mint reason=LetRec round body
BOUNDARY node=1561 operator=Mint reason=LetRec round body
BOUNDARY node=1562 operator=Mint reason=LetRec round body
BOUNDARY node=1563 operator=Mfp reason=LetRec round body
BOUNDARY node=1564 operator=Mint reason=LetRec round body
BOUNDARY node=1565 operator=Mint reason=LetRec round body
BOUNDARY node=1566 operator=Mfp reason=LetRec round body
BOUNDARY node=1567 operator=Join reason=LetRec round body
BOUNDARY node=1568 operator=Join reason=LetRec round body
BOUNDARY node=1569 operator=Join reason=LetRec round body
BOUNDARY node=1570 operator=Join reason=LetRec round body
BOUNDARY node=1571 operator=Mfp reason=LetRec round body
BOUNDARY node=1572 operator=Mint reason=LetRec round body
BOUNDARY node=1573 operator=Mint reason=LetRec round body
BOUNDARY node=1574 operator=Mint reason=LetRec round body
BOUNDARY node=1575 operator=Mint reason=LetRec round body
BOUNDARY node=1576 operator=Mint reason=LetRec round body
BOUNDARY node=1578 operator=Mfp reason=LetRec round body
BOUNDARY node=1579 operator=Mfp reason=LetRec round body
BOUNDARY node=1580 operator=Mfp reason=LetRec round body
BOUNDARY node=1581 operator=Mint reason=LetRec round body
BOUNDARY node=1582 operator=Mint reason=LetRec round body
BOUNDARY node=1583 operator=Mfp reason=LetRec round body
BOUNDARY node=1584 operator=Mint reason=LetRec round body
BOUNDARY node=1585 operator=Mint reason=LetRec round body
BOUNDARY node=1586 operator=Mfp reason=LetRec round body
BOUNDARY node=1587 operator=Join reason=LetRec round body
BOUNDARY node=1588 operator=Join reason=LetRec round body
BOUNDARY node=1589 operator=Join reason=LetRec round body
BOUNDARY node=1590 operator=Mfp reason=LetRec round body
BOUNDARY node=1591 operator=Mint reason=LetRec round body
BOUNDARY node=1592 operator=Mint reason=LetRec round body
BOUNDARY node=1593 operator=Mint reason=LetRec round body
BOUNDARY node=1594 operator=Mint reason=LetRec round body
BOUNDARY node=1596 operator=Mfp reason=LetRec round body
BOUNDARY node=1597 operator=Mint reason=LetRec round body
BOUNDARY node=1598 operator=Mint reason=LetRec round body
BOUNDARY node=1599 operator=Mint reason=LetRec round body
BOUNDARY node=1600 operator=Mfp reason=LetRec round body
BOUNDARY node=1601 operator=Mint reason=LetRec round body
BOUNDARY node=1602 operator=Mint reason=LetRec round body
BOUNDARY node=1603 operator=Mfp reason=LetRec round body
BOUNDARY node=1604 operator=Join reason=LetRec round body
BOUNDARY node=1605 operator=Join reason=LetRec round body
BOUNDARY node=1606 operator=Join reason=LetRec round body
BOUNDARY node=1607 operator=Join reason=LetRec round body
BOUNDARY node=1608 operator=Mfp reason=LetRec round body
BOUNDARY node=1609 operator=Mint reason=LetRec round body
BOUNDARY node=1610 operator=Mint reason=LetRec round body
BOUNDARY node=1611 operator=Mint reason=LetRec round body
BOUNDARY node=1612 operator=Mint reason=LetRec round body
BOUNDARY node=1613 operator=Mint reason=LetRec round body
BOUNDARY node=1615 operator=Mfp reason=LetRec round body
BOUNDARY node=1616 operator=Mfp reason=LetRec round body
BOUNDARY node=1617 operator=Mint reason=LetRec round body
BOUNDARY node=1618 operator=Mfp reason=LetRec round body
BOUNDARY node=1619 operator=Mint reason=LetRec round body
BOUNDARY node=1620 operator=Mint reason=LetRec round body
BOUNDARY node=1621 operator=Mfp reason=LetRec round body
BOUNDARY node=1622 operator=Join reason=LetRec round body
BOUNDARY node=1623 operator=Join reason=LetRec round body
BOUNDARY node=1624 operator=Mfp reason=LetRec round body
BOUNDARY node=1625 operator=Mint reason=LetRec round body
BOUNDARY node=1626 operator=Mint reason=LetRec round body
BOUNDARY node=1627 operator=Mint reason=LetRec round body
BOUNDARY node=1629 operator=Mfp reason=LetRec round body
BOUNDARY node=1630 operator=Mint reason=LetRec round body
BOUNDARY node=1631 operator=Mint reason=LetRec round body
BOUNDARY node=1632 operator=Mint reason=LetRec round body
BOUNDARY node=1633 operator=Mfp reason=LetRec round body
BOUNDARY node=1634 operator=Mint reason=LetRec round body
BOUNDARY node=1635 operator=Mint reason=LetRec round body
BOUNDARY node=1636 operator=Mfp reason=LetRec round body
BOUNDARY node=1637 operator=Join reason=LetRec round body
BOUNDARY node=1638 operator=Join reason=LetRec round body
BOUNDARY node=1639 operator=Join reason=LetRec round body
BOUNDARY node=1640 operator=Join reason=LetRec round body
BOUNDARY node=1641 operator=Mfp reason=LetRec round body
BOUNDARY node=1642 operator=Mint reason=LetRec round body
BOUNDARY node=1643 operator=Mint reason=LetRec round body
BOUNDARY node=1644 operator=Mint reason=LetRec round body
BOUNDARY node=1645 operator=Mint reason=LetRec round body
BOUNDARY node=1646 operator=Mint reason=LetRec round body
BOUNDARY node=1648 operator=Mfp reason=LetRec round body
BOUNDARY node=1649 operator=Mfp reason=LetRec round body
BOUNDARY node=1650 operator=Mfp reason=LetRec round body
BOUNDARY node=1651 operator=Join reason=LetRec round body
BOUNDARY node=1652 operator=Mfp reason=LetRec round body
BOUNDARY node=1653 operator=Mint reason=LetRec round body
BOUNDARY node=1654 operator=Mfp reason=LetRec round body
BOUNDARY node=1655 operator=Mint reason=LetRec round body
BOUNDARY node=1656 operator=Mint reason=LetRec round body
BOUNDARY node=1657 operator=Mfp reason=LetRec round body
BOUNDARY node=1658 operator=Join reason=LetRec round body
BOUNDARY node=1659 operator=Join reason=LetRec round body
BOUNDARY node=1660 operator=Mfp reason=LetRec round body
BOUNDARY node=1661 operator=Mint reason=LetRec round body
BOUNDARY node=1662 operator=Mint reason=LetRec round body
BOUNDARY node=1663 operator=Mint reason=LetRec round body
BOUNDARY node=1665 operator=Mfp reason=LetRec round body
BOUNDARY node=1666 operator=Mfp reason=LetRec round body
BOUNDARY node=1667 operator=Join reason=LetRec round body
BOUNDARY node=1668 operator=Get reason=LetRec round body
BOUNDARY node=1669 operator=Join reason=LetRec round body
BOUNDARY node=1670 operator=Mfp reason=LetRec round body
BOUNDARY node=1671 operator=Join reason=LetRec round body
BOUNDARY node=1672 operator=Get reason=LetRec round body
BOUNDARY node=1673 operator=Join reason=LetRec round body
BOUNDARY node=1026 operator=Get reason=LetRec round body
BOUNDARY node=1674 operator=Mfp reason=LetRec round body
BOUNDARY node=1675 operator=Mfp reason=LetRec round body
BOUNDARY node=1676 operator=Mfp reason=LetRec round body
BOUNDARY node=1677 operator=Mfp reason=LetRec round body
BOUNDARY node=1678 operator=Mfp reason=LetRec round body
BOUNDARY node=1679 operator=Mfp reason=LetRec round body
BOUNDARY node=1680 operator=Mfp reason=LetRec round body
BOUNDARY node=1976 operator=Union reason=LetRec round body
VIEW {"openivm_detail":"refresh_type=SIMPLE_PROJECTION; group_cols=0; model_nodes=3; group_recompute_mode=source_delta; scan_occurrences=1; model_domains=0; node_domains=0; lineage_entries=0; node_lineage=0; node_semantics=2; node_unsupported=0; delta_only_nodes=2; delta_state_nodes=0; affected_recompute_nodes=0; full_recompute_nodes=1","openivm_warning":"","operator":"Get","sql":"SELECT * FROM r27","type":"SIMPLE_PROJECTION","type_code":2,"view":"n1977"}
BOUNDARY node=1400 operator=Mfp reason=weighted input from an explicit IR recompute boundary
BOUNDARY node=1414 operator=Get reason=weighted input from an explicit IR recompute boundary
BOUNDARY node=1415 operator=Mfp reason=weighted input from an explicit IR recompute boundary
BOUNDARY node=1436 operator=Get reason=weighted input from an explicit IR recompute boundary
BOUNDARY node=1437 operator=Mfp reason=weighted input from an explicit IR recompute boundary
BOUNDARY node=1438 operator=Join reason=weighted input from an explicit IR recompute boundary
BOUNDARY node=1439 operator=Mfp reason=weighted input from an explicit IR recompute boundary
BOUNDARY node=1440 operator=Mint reason=weighted input from an explicit IR recompute boundary
BOUNDARY node=1441 operator=Mint reason=weighted input from an explicit IR recompute boundary
BOUNDARY node=1442 operator=Mint reason=weighted input from an explicit IR recompute boundary
BOUNDARY node=1443 operator=Mfp reason=weighted input from an explicit IR recompute boundary
BOUNDARY node=1444 operator=Mint reason=weighted input from an explicit IR recompute boundary
BOUNDARY node=1445 operator=Mint reason=weighted input from an explicit IR recompute boundary
BOUNDARY node=1446 operator=Mfp reason=weighted input from an explicit IR recompute boundary
BOUNDARY node=1447 operator=Join reason=weighted input from an explicit IR recompute boundary
BOUNDARY node=1448 operator=Join reason=weighted input from an explicit IR recompute boundary
BOUNDARY node=1449 operator=Join reason=weighted input from an explicit IR recompute boundary
BOUNDARY node=1450 operator=Join reason=weighted input from an explicit IR recompute boundary
BOUNDARY node=1451 operator=Mfp reason=weighted input from an explicit IR recompute boundary
BOUNDARY node=1452 operator=Mint reason=weighted input from an explicit IR recompute boundary
BOUNDARY node=1453 operator=Mint reason=weighted input from an explicit IR recompute boundary
BOUNDARY node=1454 operator=Mint reason=weighted input from an explicit IR recompute boundary
BOUNDARY node=1455 operator=Mint reason=weighted input from an explicit IR recompute boundary
BOUNDARY node=1456 operator=Mint reason=weighted input from an explicit IR recompute boundary
BOUNDARY node=1458 operator=Mfp reason=weighted input from an explicit IR recompute boundary
BOUNDARY node=1459 operator=Mfp reason=weighted input from an explicit IR recompute boundary
BOUNDARY node=1978 operator=Union reason=weighted input from an explicit IR recompute boundary
BOUNDARY node=1979 operator=Threshold reason=weighted input from an explicit IR recompute boundary
VIEW {"openivm_detail":"refresh_type=SIMPLE_PROJECTION; group_cols=0; model_nodes=3; group_recompute_mode=source_delta; scan_occurrences=1; model_domains=0; node_domains=0; lineage_entries=0; node_lineage=0; node_semantics=2; node_unsupported=0; delta_only_nodes=2; delta_state_nodes=0; affected_recompute_nodes=0; full_recompute_nodes=1","openivm_warning":"","operator":"Get","sql":"SELECT * FROM r149","type":"SIMPLE_PROJECTION","type_code":2,"view":"n1980"}
BOUNDARY node=1030 operator=Mfp reason=weighted input from an explicit IR recompute boundary
VIEW {"openivm_detail":"refresh_type=SIMPLE_PROJECTION; group_cols=0; model_nodes=5; group_recompute_mode=source_delta; scan_occurrences=1; model_domains=0; node_domains=0; lineage_entries=0; node_lineage=0; node_semantics=6; node_unsupported=0; delta_only_nodes=4; delta_state_nodes=0; affected_recompute_nodes=0; full_recompute_nodes=1","openivm_warning":"","operator":"Get","sql":"SELECT * FROM r148","type":"SIMPLE_PROJECTION","type_code":2,"view":"n1031"}
BOUNDARY node=1032 operator=Join reason=weighted input from an explicit IR recompute boundary
BOUNDARY node=1981 operator=Union reason=weighted input from an explicit IR recompute boundary
BOUNDARY node=1982 operator=Threshold reason=weighted input from an explicit IR recompute boundary
VIEW {"openivm_detail":"refresh_type=SIMPLE_PROJECTION; group_cols=0; model_nodes=3; group_recompute_mode=source_delta; scan_occurrences=1; model_domains=0; node_domains=0; lineage_entries=0; node_lineage=0; node_semantics=2; node_unsupported=0; delta_only_nodes=2; delta_state_nodes=0; affected_recompute_nodes=0; full_recompute_nodes=1","openivm_warning":"","operator":"Get","sql":"SELECT * FROM r151","type":"SIMPLE_PROJECTION","type_code":2,"view":"n1983"}
BOUNDARY node=1027 operator=Mfp reason=weighted input from an explicit IR recompute boundary
VIEW {"openivm_detail":"refresh_type=SIMPLE_PROJECTION; group_cols=0; model_nodes=5; group_recompute_mode=source_delta; scan_occurrences=1; model_domains=0; node_domains=0; lineage_entries=0; node_lineage=0; node_semantics=6; node_unsupported=0; delta_only_nodes=4; delta_state_nodes=0; affected_recompute_nodes=0; full_recompute_nodes=1","openivm_warning":"","operator":"Get","sql":"SELECT * FROM r30","type":"SIMPLE_PROJECTION","type_code":2,"view":"n1028"}
BOUNDARY node=1029 operator=Join reason=weighted input from an explicit IR recompute boundary
BOUNDARY node=1984 operator=Union reason=weighted input from an explicit IR recompute boundary
BOUNDARY node=1985 operator=Threshold reason=weighted input from an explicit IR recompute boundary
VIEW {"openivm_detail":"refresh_type=SIMPLE_PROJECTION; group_cols=0; model_nodes=3; group_recompute_mode=source_delta; scan_occurrences=1; model_domains=0; node_domains=0; lineage_entries=0; node_lineage=0; node_semantics=2; node_unsupported=0; delta_only_nodes=2; delta_state_nodes=0; affected_recompute_nodes=0; full_recompute_nodes=1","openivm_warning":"","operator":"Get","sql":"SELECT * FROM r271","type":"SIMPLE_PROJECTION","type_code":2,"view":"n1986"}
BOUNDARY node=1457 operator=Mfp reason=weighted input from an explicit IR recompute boundary
BOUNDARY node=1506 operator=Mfp reason=weighted input from an explicit IR recompute boundary
BOUNDARY node=1525 operator=Mfp reason=weighted input from an explicit IR recompute boundary
BOUNDARY node=1544 operator=Mfp reason=weighted input from an explicit IR recompute boundary
BOUNDARY node=1558 operator=Mfp reason=weighted input from an explicit IR recompute boundary
BOUNDARY node=1577 operator=Mfp reason=weighted input from an explicit IR recompute boundary
BOUNDARY node=1595 operator=Mfp reason=weighted input from an explicit IR recompute boundary
BOUNDARY node=1614 operator=Mfp reason=weighted input from an explicit IR recompute boundary
BOUNDARY node=1628 operator=Mfp reason=weighted input from an explicit IR recompute boundary
BOUNDARY node=1647 operator=Mfp reason=weighted input from an explicit IR recompute boundary
BOUNDARY node=1664 operator=Mfp reason=weighted input from an explicit IR recompute boundary
BOUNDARY node=1685 operator=Get reason=weighted input from an explicit IR recompute boundary
BOUNDARY node=1987 operator=Union reason=weighted input from an explicit IR recompute boundary
BOUNDARY node=1988 operator=Threshold reason=weighted input from an explicit IR recompute boundary
VIEW {"openivm_detail":"refresh_type=SIMPLE_PROJECTION; group_cols=0; model_nodes=3; group_recompute_mode=source_delta; scan_occurrences=1; model_domains=0; node_domains=0; lineage_entries=0; node_lineage=0; node_semantics=2; node_unsupported=0; delta_only_nodes=2; delta_state_nodes=0; affected_recompute_nodes=0; full_recompute_nodes=1","openivm_warning":"","operator":"Get","sql":"SELECT * FROM r272","type":"SIMPLE_PROJECTION","type_code":2,"view":"n1989"}
BOUNDARY node=1686 operator=Get reason=weighted input from an explicit IR recompute boundary
BOUNDARY node=1990 operator=Union reason=weighted input from an explicit IR recompute boundary
BOUNDARY node=1991 operator=Threshold reason=weighted input from an explicit IR recompute boundary
BOUNDARY node=1992 operator=Get reason=LetRec round body
BOUNDARY node=1023 operator=Get reason=LetRec round body
BOUNDARY node=1021 operator=Get reason=LetRec round body
BOUNDARY node=1024 operator=Join reason=LetRec round body
BOUNDARY node=1025 operator=Mfp reason=LetRec round body
BOUNDARY node=1993 operator=Union reason=LetRec round body
VIEW {"openivm_detail":"refresh_type=SIMPLE_PROJECTION; group_cols=0; model_nodes=3; group_recompute_mode=source_delta; scan_occurrences=1; model_domains=0; node_domains=0; lineage_entries=0; node_lineage=0; node_semantics=2; node_unsupported=0; delta_only_nodes=2; delta_state_nodes=0; affected_recompute_nodes=0; full_recompute_nodes=1","openivm_warning":"","operator":"Get","sql":"SELECT * FROM r155","type":"SIMPLE_PROJECTION","type_code":2,"view":"n1994"}
BOUNDARY node=1022 operator=Mfp reason=weighted input from an explicit IR recompute boundary
BOUNDARY node=1995 operator=Union reason=weighted input from an explicit IR recompute boundary
BOUNDARY node=1996 operator=Threshold reason=weighted input from an explicit IR recompute boundary
VIEW {"openivm_detail":"refresh_type=SIMPLE_PROJECTION; group_cols=0; model_nodes=5; group_recompute_mode=source_delta; scan_occurrences=1; model_domains=0; node_domains=0; lineage_entries=0; node_lineage=0; node_semantics=6; node_unsupported=0; delta_only_nodes=4; delta_state_nodes=0; affected_recompute_nodes=0; full_recompute_nodes=1","openivm_warning":"","operator":"Output","sql":"SELECT c0,c1,c2 FROM r26","type":"SIMPLE_PROJECTION","type_code":2,"view":"out26"}
VIEW {"openivm_detail":"refresh_type=SIMPLE_PROJECTION; group_cols=0; model_nodes=4; group_recompute_mode=source_delta; scan_occurrences=1; model_domains=0; node_domains=0; lineage_entries=0; node_lineage=0; node_semantics=4; node_unsupported=0; delta_only_nodes=3; delta_state_nodes=0; affected_recompute_nodes=0; full_recompute_nodes=1","openivm_warning":"","operator":"OutputSnapshot","sql":"SELECT c0,c1,c2 FROM out26","type":"SIMPLE_PROJECTION","type_code":2,"view":"read26"}
VIEW {"openivm_detail":"refresh_type=SIMPLE_PROJECTION; group_cols=0; model_nodes=5; group_recompute_mode=source_delta; scan_occurrences=1; model_domains=0; node_domains=0; lineage_entries=0; node_lineage=0; node_semantics=6; node_unsupported=0; delta_only_nodes=4; delta_state_nodes=0; affected_recompute_nodes=0; full_recompute_nodes=1","openivm_warning":"","operator":"Output","sql":"SELECT c0 FROM r30","type":"SIMPLE_PROJECTION","type_code":2,"view":"out30"}
VIEW {"openivm_detail":"refresh_type=SIMPLE_PROJECTION; group_cols=0; model_nodes=4; group_recompute_mode=source_delta; scan_occurrences=1; model_domains=0; node_domains=0; lineage_entries=0; node_lineage=0; node_semantics=4; node_unsupported=0; delta_only_nodes=3; delta_state_nodes=0; affected_recompute_nodes=0; full_recompute_nodes=1","openivm_warning":"","operator":"OutputSnapshot","sql":"SELECT c0 FROM out30","type":"SIMPLE_PROJECTION","type_code":2,"view":"read30"}
VIEW {"openivm_detail":"refresh_type=SIMPLE_PROJECTION; group_cols=0; model_nodes=5; group_recompute_mode=source_delta; scan_occurrences=1; model_domains=0; node_domains=0; lineage_entries=0; node_lineage=0; node_semantics=6; node_unsupported=0; delta_only_nodes=4; delta_state_nodes=0; affected_recompute_nodes=0; full_recompute_nodes=1","openivm_warning":"","operator":"Output","sql":"SELECT c0 FROM r34","type":"SIMPLE_PROJECTION","type_code":2,"view":"out34"}
VIEW {"openivm_detail":"refresh_type=SIMPLE_PROJECTION; group_cols=0; model_nodes=4; group_recompute_mode=source_delta; scan_occurrences=1; model_domains=0; node_domains=0; lineage_entries=0; node_lineage=0; node_semantics=4; node_unsupported=0; delta_only_nodes=3; delta_state_nodes=0; affected_recompute_nodes=0; full_recompute_nodes=1","openivm_warning":"","operator":"OutputSnapshot","sql":"SELECT c0 FROM out34","type":"SIMPLE_PROJECTION","type_code":2,"view":"read34"}
VIEW {"openivm_detail":"refresh_type=SIMPLE_PROJECTION; group_cols=0; model_nodes=5; group_recompute_mode=source_delta; scan_occurrences=1; model_domains=0; node_domains=0; lineage_entries=0; node_lineage=0; node_semantics=6; node_unsupported=0; delta_only_nodes=4; delta_state_nodes=0; affected_recompute_nodes=0; full_recompute_nodes=1","openivm_warning":"","operator":"Output","sql":"SELECT c0,c1,c2,c3 FROM r38","type":"SIMPLE_PROJECTION","type_code":2,"view":"out38"}
VIEW {"openivm_detail":"refresh_type=SIMPLE_PROJECTION; group_cols=0; model_nodes=4; group_recompute_mode=source_delta; scan_occurrences=1; model_domains=0; node_domains=0; lineage_entries=0; node_lineage=0; node_semantics=4; node_unsupported=0; delta_only_nodes=3; delta_state_nodes=0; affected_recompute_nodes=0; full_recompute_nodes=1","openivm_warning":"","operator":"OutputSnapshot","sql":"SELECT c0,c1,c2,c3 FROM out38","type":"SIMPLE_PROJECTION","type_code":2,"view":"read38"}
VIEW {"openivm_detail":"refresh_type=SIMPLE_PROJECTION; group_cols=0; model_nodes=5; group_recompute_mode=source_delta; scan_occurrences=1; model_domains=0; node_domains=0; lineage_entries=0; node_lineage=0; node_semantics=6; node_unsupported=0; delta_only_nodes=4; delta_state_nodes=0; affected_recompute_nodes=0; full_recompute_nodes=1","openivm_warning":"","operator":"Output","sql":"SELECT c0,c1,c2 FROM r40","type":"SIMPLE_PROJECTION","type_code":2,"view":"out40"}
VIEW {"openivm_detail":"refresh_type=SIMPLE_PROJECTION; group_cols=0; model_nodes=4; group_recompute_mode=source_delta; scan_occurrences=1; model_domains=0; node_domains=0; lineage_entries=0; node_lineage=0; node_semantics=4; node_unsupported=0; delta_only_nodes=3; delta_state_nodes=0; affected_recompute_nodes=0; full_recompute_nodes=1","openivm_warning":"","operator":"OutputSnapshot","sql":"SELECT c0,c1,c2 FROM out40","type":"SIMPLE_PROJECTION","type_code":2,"view":"read40"}
VIEW {"openivm_detail":"refresh_type=SIMPLE_PROJECTION; group_cols=0; model_nodes=5; group_recompute_mode=source_delta; scan_occurrences=1; model_domains=0; node_domains=0; lineage_entries=0; node_lineage=0; node_semantics=6; node_unsupported=0; delta_only_nodes=4; delta_state_nodes=0; affected_recompute_nodes=0; full_recompute_nodes=1","openivm_warning":"","operator":"Output","sql":"SELECT c0 FROM r98","type":"SIMPLE_PROJECTION","type_code":2,"view":"out98"}
VIEW {"openivm_detail":"refresh_type=SIMPLE_PROJECTION; group_cols=0; model_nodes=4; group_recompute_mode=source_delta; scan_occurrences=1; model_domains=0; node_domains=0; lineage_entries=0; node_lineage=0; node_semantics=4; node_unsupported=0; delta_only_nodes=3; delta_state_nodes=0; affected_recompute_nodes=0; full_recompute_nodes=1","openivm_warning":"","operator":"OutputSnapshot","sql":"SELECT c0 FROM out98","type":"SIMPLE_PROJECTION","type_code":2,"view":"read98"}
VIEW {"openivm_detail":"refresh_type=SIMPLE_PROJECTION; group_cols=0; model_nodes=5; group_recompute_mode=source_delta; scan_occurrences=1; model_domains=0; node_domains=0; lineage_entries=0; node_lineage=0; node_semantics=6; node_unsupported=0; delta_only_nodes=4; delta_state_nodes=0; affected_recompute_nodes=0; full_recompute_nodes=1","openivm_warning":"","operator":"Output","sql":"SELECT c0,c1,c2 FROM r144","type":"SIMPLE_PROJECTION","type_code":2,"view":"out144"}
VIEW {"openivm_detail":"refresh_type=SIMPLE_PROJECTION; group_cols=0; model_nodes=4; group_recompute_mode=source_delta; scan_occurrences=1; model_domains=0; node_domains=0; lineage_entries=0; node_lineage=0; node_semantics=4; node_unsupported=0; delta_only_nodes=3; delta_state_nodes=0; affected_recompute_nodes=0; full_recompute_nodes=1","openivm_warning":"","operator":"OutputSnapshot","sql":"SELECT c0,c1,c2 FROM out144","type":"SIMPLE_PROJECTION","type_code":2,"view":"read144"}
VIEW {"openivm_detail":"refresh_type=SIMPLE_PROJECTION; group_cols=0; model_nodes=5; group_recompute_mode=source_delta; scan_occurrences=1; model_domains=0; node_domains=0; lineage_entries=0; node_lineage=0; node_semantics=6; node_unsupported=0; delta_only_nodes=4; delta_state_nodes=0; affected_recompute_nodes=0; full_recompute_nodes=1","openivm_warning":"","operator":"Output","sql":"SELECT c0,c1 FROM r148","type":"SIMPLE_PROJECTION","type_code":2,"view":"out148"}
VIEW {"openivm_detail":"refresh_type=SIMPLE_PROJECTION; group_cols=0; model_nodes=4; group_recompute_mode=source_delta; scan_occurrences=1; model_domains=0; node_domains=0; lineage_entries=0; node_lineage=0; node_semantics=4; node_unsupported=0; delta_only_nodes=3; delta_state_nodes=0; affected_recompute_nodes=0; full_recompute_nodes=1","openivm_warning":"","operator":"OutputSnapshot","sql":"SELECT c0,c1 FROM out148","type":"SIMPLE_PROJECTION","type_code":2,"view":"read148"}
VIEW {"openivm_detail":"refresh_type=SIMPLE_PROJECTION; group_cols=0; model_nodes=5; group_recompute_mode=source_delta; scan_occurrences=1; model_domains=0; node_domains=0; lineage_entries=0; node_lineage=0; node_semantics=6; node_unsupported=0; delta_only_nodes=4; delta_state_nodes=0; affected_recompute_nodes=0; full_recompute_nodes=1","openivm_warning":"","operator":"Output","sql":"SELECT c0,c1 FROM r164","type":"SIMPLE_PROJECTION","type_code":2,"view":"out164"}
VIEW {"openivm_detail":"refresh_type=SIMPLE_PROJECTION; group_cols=0; model_nodes=4; group_recompute_mode=source_delta; scan_occurrences=1; model_domains=0; node_domains=0; lineage_entries=0; node_lineage=0; node_semantics=4; node_unsupported=0; delta_only_nodes=3; delta_state_nodes=0; affected_recompute_nodes=0; full_recompute_nodes=1","openivm_warning":"","operator":"OutputSnapshot","sql":"SELECT c0,c1 FROM out164","type":"SIMPLE_PROJECTION","type_code":2,"view":"read164"}
VIEW {"openivm_detail":"refresh_type=SIMPLE_PROJECTION; group_cols=0; model_nodes=5; group_recompute_mode=source_delta; scan_occurrences=1; model_domains=0; node_domains=0; lineage_entries=0; node_lineage=0; node_semantics=6; node_unsupported=0; delta_only_nodes=4; delta_state_nodes=0; affected_recompute_nodes=0; full_recompute_nodes=1","openivm_warning":"","operator":"Output","sql":"SELECT c0,c1 FROM r166","type":"SIMPLE_PROJECTION","type_code":2,"view":"out166"}
VIEW {"openivm_detail":"refresh_type=SIMPLE_PROJECTION; group_cols=0; model_nodes=4; group_recompute_mode=source_delta; scan_occurrences=1; model_domains=0; node_domains=0; lineage_entries=0; node_lineage=0; node_semantics=4; node_unsupported=0; delta_only_nodes=3; delta_state_nodes=0; affected_recompute_nodes=0; full_recompute_nodes=1","openivm_warning":"","operator":"OutputSnapshot","sql":"SELECT c0,c1 FROM out166","type":"SIMPLE_PROJECTION","type_code":2,"view":"read166"}
VIEW {"openivm_detail":"refresh_type=SIMPLE_PROJECTION; group_cols=0; model_nodes=5; group_recompute_mode=source_delta; scan_occurrences=1; model_domains=0; node_domains=0; lineage_entries=0; node_lineage=0; node_semantics=6; node_unsupported=0; delta_only_nodes=4; delta_state_nodes=0; affected_recompute_nodes=0; full_recompute_nodes=1","openivm_warning":"","operator":"Output","sql":"SELECT c0 FROM r174","type":"SIMPLE_PROJECTION","type_code":2,"view":"out174"}
VIEW {"openivm_detail":"refresh_type=SIMPLE_PROJECTION; group_cols=0; model_nodes=4; group_recompute_mode=source_delta; scan_occurrences=1; model_domains=0; node_domains=0; lineage_entries=0; node_lineage=0; node_semantics=4; node_unsupported=0; delta_only_nodes=3; delta_state_nodes=0; affected_recompute_nodes=0; full_recompute_nodes=1","openivm_warning":"","operator":"OutputSnapshot","sql":"SELECT c0 FROM out174","type":"SIMPLE_PROJECTION","type_code":2,"view":"read174"}
VIEW {"openivm_detail":"refresh_type=SIMPLE_PROJECTION; group_cols=0; model_nodes=5; group_recompute_mode=source_delta; scan_occurrences=1; model_domains=0; node_domains=0; lineage_entries=0; node_lineage=0; node_semantics=6; node_unsupported=0; delta_only_nodes=4; delta_state_nodes=0; affected_recompute_nodes=0; full_recompute_nodes=1","openivm_warning":"","operator":"Output","sql":"SELECT c0,c1 FROM r188","type":"SIMPLE_PROJECTION","type_code":2,"view":"out188"}
VIEW {"openivm_detail":"refresh_type=SIMPLE_PROJECTION; group_cols=0; model_nodes=4; group_recompute_mode=source_delta; scan_occurrences=1; model_domains=0; node_domains=0; lineage_entries=0; node_lineage=0; node_semantics=4; node_unsupported=0; delta_only_nodes=3; delta_state_nodes=0; affected_recompute_nodes=0; full_recompute_nodes=1","openivm_warning":"","operator":"OutputSnapshot","sql":"SELECT c0,c1 FROM out188","type":"SIMPLE_PROJECTION","type_code":2,"view":"read188"}
VIEW {"openivm_detail":"refresh_type=SIMPLE_PROJECTION; group_cols=0; model_nodes=5; group_recompute_mode=source_delta; scan_occurrences=1; model_domains=0; node_domains=0; lineage_entries=0; node_lineage=0; node_semantics=6; node_unsupported=0; delta_only_nodes=4; delta_state_nodes=0; affected_recompute_nodes=0; full_recompute_nodes=1","openivm_warning":"","operator":"Output","sql":"SELECT c0 FROM r190","type":"SIMPLE_PROJECTION","type_code":2,"view":"out190"}
VIEW {"openivm_detail":"refresh_type=SIMPLE_PROJECTION; group_cols=0; model_nodes=4; group_recompute_mode=source_delta; scan_occurrences=1; model_domains=0; node_domains=0; lineage_entries=0; node_lineage=0; node_semantics=4; node_unsupported=0; delta_only_nodes=3; delta_state_nodes=0; affected_recompute_nodes=0; full_recompute_nodes=1","openivm_warning":"","operator":"OutputSnapshot","sql":"SELECT c0 FROM out190","type":"SIMPLE_PROJECTION","type_code":2,"view":"read190"}
VIEW {"openivm_detail":"refresh_type=SIMPLE_PROJECTION; group_cols=0; model_nodes=5; group_recompute_mode=source_delta; scan_occurrences=1; model_domains=0; node_domains=0; lineage_entries=0; node_lineage=0; node_semantics=6; node_unsupported=0; delta_only_nodes=4; delta_state_nodes=0; affected_recompute_nodes=0; full_recompute_nodes=1","openivm_warning":"","operator":"Output","sql":"SELECT c0,c1,c2,c3 FROM r192","type":"SIMPLE_PROJECTION","type_code":2,"view":"out192"}
VIEW {"openivm_detail":"refresh_type=SIMPLE_PROJECTION; group_cols=0; model_nodes=4; group_recompute_mode=source_delta; scan_occurrences=1; model_domains=0; node_domains=0; lineage_entries=0; node_lineage=0; node_semantics=4; node_unsupported=0; delta_only_nodes=3; delta_state_nodes=0; affected_recompute_nodes=0; full_recompute_nodes=1","openivm_warning":"","operator":"OutputSnapshot","sql":"SELECT c0,c1,c2,c3 FROM out192","type":"SIMPLE_PROJECTION","type_code":2,"view":"read192"}
VIEW {"openivm_detail":"refresh_type=SIMPLE_PROJECTION; group_cols=0; model_nodes=5; group_recompute_mode=source_delta; scan_occurrences=1; model_domains=0; node_domains=0; lineage_entries=0; node_lineage=0; node_semantics=6; node_unsupported=0; delta_only_nodes=4; delta_state_nodes=0; affected_recompute_nodes=0; full_recompute_nodes=1","openivm_warning":"","operator":"Output","sql":"SELECT c0,c1 FROM r198","type":"SIMPLE_PROJECTION","type_code":2,"view":"out198"}
VIEW {"openivm_detail":"refresh_type=SIMPLE_PROJECTION; group_cols=0; model_nodes=4; group_recompute_mode=source_delta; scan_occurrences=1; model_domains=0; node_domains=0; lineage_entries=0; node_lineage=0; node_semantics=4; node_unsupported=0; delta_only_nodes=3; delta_state_nodes=0; affected_recompute_nodes=0; full_recompute_nodes=1","openivm_warning":"","operator":"OutputSnapshot","sql":"SELECT c0,c1 FROM out198","type":"SIMPLE_PROJECTION","type_code":2,"view":"read198"}
VIEW {"openivm_detail":"refresh_type=SIMPLE_PROJECTION; group_cols=0; model_nodes=5; group_recompute_mode=source_delta; scan_occurrences=1; model_domains=0; node_domains=0; lineage_entries=0; node_lineage=0; node_semantics=6; node_unsupported=0; delta_only_nodes=4; delta_state_nodes=0; affected_recompute_nodes=0; full_recompute_nodes=1","openivm_warning":"","operator":"Output","sql":"SELECT c0 FROM r206","type":"SIMPLE_PROJECTION","type_code":2,"view":"out206"}
VIEW {"openivm_detail":"refresh_type=SIMPLE_PROJECTION; group_cols=0; model_nodes=4; group_recompute_mode=source_delta; scan_occurrences=1; model_domains=0; node_domains=0; lineage_entries=0; node_lineage=0; node_semantics=4; node_unsupported=0; delta_only_nodes=3; delta_state_nodes=0; affected_recompute_nodes=0; full_recompute_nodes=1","openivm_warning":"","operator":"OutputSnapshot","sql":"SELECT c0 FROM out206","type":"SIMPLE_PROJECTION","type_code":2,"view":"read206"}
VIEW {"openivm_detail":"refresh_type=SIMPLE_PROJECTION; group_cols=0; model_nodes=5; group_recompute_mode=source_delta; scan_occurrences=1; model_domains=0; node_domains=0; lineage_entries=0; node_lineage=0; node_semantics=6; node_unsupported=0; delta_only_nodes=4; delta_state_nodes=0; affected_recompute_nodes=0; full_recompute_nodes=1","openivm_warning":"","operator":"Output","sql":"SELECT c0 FROM r208","type":"SIMPLE_PROJECTION","type_code":2,"view":"out208"}
VIEW {"openivm_detail":"refresh_type=SIMPLE_PROJECTION; group_cols=0; model_nodes=4; group_recompute_mode=source_delta; scan_occurrences=1; model_domains=0; node_domains=0; lineage_entries=0; node_lineage=0; node_semantics=4; node_unsupported=0; delta_only_nodes=3; delta_state_nodes=0; affected_recompute_nodes=0; full_recompute_nodes=1","openivm_warning":"","operator":"OutputSnapshot","sql":"SELECT c0 FROM out208","type":"SIMPLE_PROJECTION","type_code":2,"view":"read208"}
VIEW {"openivm_detail":"refresh_type=SIMPLE_PROJECTION; group_cols=0; model_nodes=5; group_recompute_mode=source_delta; scan_occurrences=1; model_domains=0; node_domains=0; lineage_entries=0; node_lineage=0; node_semantics=6; node_unsupported=0; delta_only_nodes=4; delta_state_nodes=0; affected_recompute_nodes=0; full_recompute_nodes=1","openivm_warning":"","operator":"Output","sql":"SELECT c0,c1 FROM r212","type":"SIMPLE_PROJECTION","type_code":2,"view":"out212"}
VIEW {"openivm_detail":"refresh_type=SIMPLE_PROJECTION; group_cols=0; model_nodes=4; group_recompute_mode=source_delta; scan_occurrences=1; model_domains=0; node_domains=0; lineage_entries=0; node_lineage=0; node_semantics=4; node_unsupported=0; delta_only_nodes=3; delta_state_nodes=0; affected_recompute_nodes=0; full_recompute_nodes=1","openivm_warning":"","operator":"OutputSnapshot","sql":"SELECT c0,c1 FROM out212","type":"SIMPLE_PROJECTION","type_code":2,"view":"read212"}
VIEW {"openivm_detail":"refresh_type=SIMPLE_PROJECTION; group_cols=0; model_nodes=5; group_recompute_mode=source_delta; scan_occurrences=1; model_domains=0; node_domains=0; lineage_entries=0; node_lineage=0; node_semantics=6; node_unsupported=0; delta_only_nodes=4; delta_state_nodes=0; affected_recompute_nodes=0; full_recompute_nodes=1","openivm_warning":"","operator":"Output","sql":"SELECT c0,c1 FROM r214","type":"SIMPLE_PROJECTION","type_code":2,"view":"out214"}
VIEW {"openivm_detail":"refresh_type=SIMPLE_PROJECTION; group_cols=0; model_nodes=4; group_recompute_mode=source_delta; scan_occurrences=1; model_domains=0; node_domains=0; lineage_entries=0; node_lineage=0; node_semantics=4; node_unsupported=0; delta_only_nodes=3; delta_state_nodes=0; affected_recompute_nodes=0; full_recompute_nodes=1","openivm_warning":"","operator":"OutputSnapshot","sql":"SELECT c0,c1 FROM out214","type":"SIMPLE_PROJECTION","type_code":2,"view":"read214"}
VIEW {"openivm_detail":"refresh_type=SIMPLE_PROJECTION; group_cols=0; model_nodes=5; group_recompute_mode=source_delta; scan_occurrences=1; model_domains=0; node_domains=0; lineage_entries=0; node_lineage=0; node_semantics=6; node_unsupported=0; delta_only_nodes=4; delta_state_nodes=0; affected_recompute_nodes=0; full_recompute_nodes=1","openivm_warning":"","operator":"Output","sql":"SELECT c0 FROM r218","type":"SIMPLE_PROJECTION","type_code":2,"view":"out218"}
VIEW {"openivm_detail":"refresh_type=SIMPLE_PROJECTION; group_cols=0; model_nodes=4; group_recompute_mode=source_delta; scan_occurrences=1; model_domains=0; node_domains=0; lineage_entries=0; node_lineage=0; node_semantics=4; node_unsupported=0; delta_only_nodes=3; delta_state_nodes=0; affected_recompute_nodes=0; full_recompute_nodes=1","openivm_warning":"","operator":"OutputSnapshot","sql":"SELECT c0 FROM out218","type":"SIMPLE_PROJECTION","type_code":2,"view":"read218"}
VIEW {"openivm_detail":"refresh_type=SIMPLE_PROJECTION; group_cols=0; model_nodes=5; group_recompute_mode=source_delta; scan_occurrences=1; model_domains=0; node_domains=0; lineage_entries=0; node_lineage=0; node_semantics=6; node_unsupported=0; delta_only_nodes=4; delta_state_nodes=0; affected_recompute_nodes=0; full_recompute_nodes=1","openivm_warning":"","operator":"Output","sql":"SELECT c0,c1,c2 FROM r222","type":"SIMPLE_PROJECTION","type_code":2,"view":"out222"}
VIEW {"openivm_detail":"refresh_type=SIMPLE_PROJECTION; group_cols=0; model_nodes=4; group_recompute_mode=source_delta; scan_occurrences=1; model_domains=0; node_domains=0; lineage_entries=0; node_lineage=0; node_semantics=4; node_unsupported=0; delta_only_nodes=3; delta_state_nodes=0; affected_recompute_nodes=0; full_recompute_nodes=1","openivm_warning":"","operator":"OutputSnapshot","sql":"SELECT c0,c1,c2 FROM out222","type":"SIMPLE_PROJECTION","type_code":2,"view":"read222"}
VIEW {"openivm_detail":"refresh_type=SIMPLE_PROJECTION; group_cols=0; model_nodes=5; group_recompute_mode=source_delta; scan_occurrences=1; model_domains=0; node_domains=0; lineage_entries=0; node_lineage=0; node_semantics=6; node_unsupported=0; delta_only_nodes=4; delta_state_nodes=0; affected_recompute_nodes=0; full_recompute_nodes=1","openivm_warning":"","operator":"Output","sql":"SELECT c0,c1,c2 FROM r224","type":"SIMPLE_PROJECTION","type_code":2,"view":"out224"}
VIEW {"openivm_detail":"refresh_type=SIMPLE_PROJECTION; group_cols=0; model_nodes=4; group_recompute_mode=source_delta; scan_occurrences=1; model_domains=0; node_domains=0; lineage_entries=0; node_lineage=0; node_semantics=4; node_unsupported=0; delta_only_nodes=3; delta_state_nodes=0; affected_recompute_nodes=0; full_recompute_nodes=1","openivm_warning":"","operator":"OutputSnapshot","sql":"SELECT c0,c1,c2 FROM out224","type":"SIMPLE_PROJECTION","type_code":2,"view":"read224"}
VIEW {"openivm_detail":"refresh_type=SIMPLE_PROJECTION; group_cols=0; model_nodes=5; group_recompute_mode=source_delta; scan_occurrences=1; model_domains=0; node_domains=0; lineage_entries=0; node_lineage=0; node_semantics=6; node_unsupported=0; delta_only_nodes=4; delta_state_nodes=0; affected_recompute_nodes=0; full_recompute_nodes=1","openivm_warning":"","operator":"Output","sql":"SELECT c0,c1,c2 FROM r226","type":"SIMPLE_PROJECTION","type_code":2,"view":"out226"}
VIEW {"openivm_detail":"refresh_type=SIMPLE_PROJECTION; group_cols=0; model_nodes=4; group_recompute_mode=source_delta; scan_occurrences=1; model_domains=0; node_domains=0; lineage_entries=0; node_lineage=0; node_semantics=4; node_unsupported=0; delta_only_nodes=3; delta_state_nodes=0; affected_recompute_nodes=0; full_recompute_nodes=1","openivm_warning":"","operator":"OutputSnapshot","sql":"SELECT c0,c1,c2 FROM out226","type":"SIMPLE_PROJECTION","type_code":2,"view":"read226"}
VIEW {"openivm_detail":"refresh_type=SIMPLE_PROJECTION; group_cols=0; model_nodes=5; group_recompute_mode=source_delta; scan_occurrences=1; model_domains=0; node_domains=0; lineage_entries=0; node_lineage=0; node_semantics=6; node_unsupported=0; delta_only_nodes=4; delta_state_nodes=0; affected_recompute_nodes=0; full_recompute_nodes=1","openivm_warning":"","operator":"Output","sql":"SELECT c0,c1,c2 FROM r228","type":"SIMPLE_PROJECTION","type_code":2,"view":"out228"}
VIEW {"openivm_detail":"refresh_type=SIMPLE_PROJECTION; group_cols=0; model_nodes=4; group_recompute_mode=source_delta; scan_occurrences=1; model_domains=0; node_domains=0; lineage_entries=0; node_lineage=0; node_semantics=4; node_unsupported=0; delta_only_nodes=3; delta_state_nodes=0; affected_recompute_nodes=0; full_recompute_nodes=1","openivm_warning":"","operator":"OutputSnapshot","sql":"SELECT c0,c1,c2 FROM out228","type":"SIMPLE_PROJECTION","type_code":2,"view":"read228"}
TRANSPORT {"statements":3057153,"refreshes":10889}
